Название,Жанр,Режиссер,Страна,Год,IMDB
Интерстеллар," фантастика, приключения, драма", Кристофер Нолан ," Великобритания, США, Канада",2014 , 8.7 
1+1," комедия, драма", Оливье Накаш... , Франция,2011 , 8.5 
Начало," фантастика, боевик, триллер", Кристофер Нолан ," США, Великобритания",2010 , 8.8 
Джокер," криминал, драма, триллер", Тодд Филлипс ," США, Канада, Австралия",2019 , 8.3 
Бойцовский клуб, драма, Дэвид Финчер ," США, Германия",1999 , 8.8 
Побег из Шоушенка, драма, Фрэнк Дарабонт , США,1994 , 9.3 
Остров проклятых," детектив, драма, триллер", Мартин Скорсезе , США,2009 , 8.2 
Джентльмены," криминал, комедия, боевик", Гай Ричи ," Великобритания, США",2020 , 7.8 
Волк с Уолл-стрит," биография, комедия, криминал", Мартин Скорсезе , США,2013 , 8.2 
Форрест Гамп," драма, мелодрама", Роберт Земекис , США,1994 , 8.8 
Матрица," фантастика, боевик", Лана Вачовски... ," США, Австралия",1999 , 8.7 
Аватар," фантастика, боевик, драма", Джеймс Кэмерон ," США, Великобритания",2009 , 7.9 
Зелёная миля," драма, криминал, мистика", Фрэнк Дарабонт , США,1999 , 8.6 
Достать ножи," детектив, драма, комедия", Райан Джонсон , США,2019 , 7.9 
Криминальное чтиво," криминал, драма, триллер", Квентин Тарантино , США,1994 , 8.9 
Тёмный рыцарь," фантастика, боевик, триллер", Кристофер Нолан ," США, Великобритания",2008 , 9.0 
Джанго освобождённый," вестерн, драма, приключения", Квентин Тарантино , США,2012 , 8.5 
Зелёная книга," биография, комедия, драма", Питер Фаррелли ," США, Китай",2018 , 8.2 
Один дома," комедия, семейный", Крис Коламбус , США,1990 , 7.7 
Властелин колец: Братство кольца," фэнтези, приключения, драма", Питер Джексон ," Новая Зеландия, США",2001 , 8.9 
Стражи Галактики," фантастика, боевик, приключения", Джеймс Ганн ," США, Великобритания",2014 , 8.0 
Титаник," драма, мелодрама", Джеймс Кэмерон ," США, Мексика",1997 , 7.9 
Гарри Поттер и философский камень," фэнтези, приключения, семейный", Крис Коламбус ," США, Великобритания",2001 , 7.7 
Леон," боевик, криминал, драма", Люк Бессон ," Франция, США",1994 , 8.5 
Дэдпул," боевик, комедия", Тим Миллер , США,2016 , 8.0 
Паразиты," комедия, драма, триллер", Пон Джун Хо , Южная Корея,2019 , 8.5 
Пираты Карибского моря: Проклятие Чёрной жемчужины," фэнтези, боевик, приключения", Гор Вербински , США,2003 , 8.1 
Однажды в… Голливуде," комедия, драма, криминал", Квентин Тарантино ," США, Великобритания, Китай",2019 , 7.6 
Зверополис," мультфильм, боевик, приключения", Байрон Ховард... , США,2016 , 8.0 
Назад в будущее," фантастика, приключения, комедия", Роберт Земекис , США,1985 , 8.5 
Властелин колец: Возвращение короля," фэнтези, приключения, драма", Питер Джексон ," Новая Зеландия, США",2003 , 9.0 
Мстители: Финал," фантастика, боевик, приключения", Энтони Руссо... , США,2019 , 8.4 
ВАЛЛ·И," мультфильм, фантастика, приключения", Эндрю Стэнтон , США,2008 , 8.4 
Тёмный рыцарь: Возрождение легенды," фантастика, боевик, триллер", Кристофер Нолан ," США, Великобритания",2012 , 8.4 
Бесславные ублюдки," боевик, драма, комедия", Квентин Тарантино ," Германия, США",2009 , 8.4 
Властелин колец: Две крепости," фэнтези, приключения, драма", Питер Джексон ," США, Новая Зеландия",2002 , 8.8 
Гарри Поттер и узник Азкабана," фэнтези, приключения, семейный", Альфонсо Куарон ," Великобритания, США",2004 , 7.9 
Престиж," фантастика, драма, детектив", Кристофер Нолан ," США, Великобритания",2006 , 8.5 
Мстители: Война бесконечности," фантастика, боевик, приключения", Энтони Руссо... , США,2018 , 8.4 
Железный человек," фантастика, боевик, приключения", Джон Фавро ," США, Канада",2008 , 7.9 
Шрек," мультфильм, приключения, комедия", Эндрю Адамсон... , США,2001 , 7.9 
Мстители," фантастика, фэнтези, боевик", Джосс Уидон , США,2012 , 8.0 
Дюна," фантастика, боевик, приключения", Дени Вильнёв , США,2021 , 8.0 
Марсианин," фантастика, приключения, драма", Ридли Скотт ," США, Великобритания, Венгрия",2015 , 8.0 
"Поймай меня, если сможешь"," биография, криминал, драма", Стивен Спилберг ," США, Канада",2002 , 8.1 
Семь," детектив, триллер, криминал", Дэвид Финчер , США,1995 , 8.6 
Гарри Поттер и Тайная комната," фэнтези, приключения, семейный", Крис Коламбус ," Великобритания, США",2002 , 7.4 
Отель «Гранд Будапешт»," комедия, детектив, приключения", Уэс Андерсон ," Германия, США",2014 , 8.1 
Пятый элемент," фантастика, боевик, триллер", Люк Бессон ," Франция, Великобритания",1997 , 7.6 
Исчезнувшая," драма, детектив, триллер", Дэвид Финчер , США,2014 , 8.1 
Омерзительная восьмерка," криминал, драма, детектив", Квентин Тарантино , США,2015 , 7.8 
Шоу Трумана," комедия, драма", Питер Уир , США,1998 , 8.2 
Безумный Макс: Дорога ярости," фантастика, боевик, приключения", Джордж Миллер ," Австралия, США",2015 , 8.1 
Гарри Поттер и Дары Смерти: Часть II," фэнтези, приключения, семейный", Дэвид Йейтс ," Великобритания, США",2011 , 8.1 
Доктор Стрэндж," фантастика, фэнтези, боевик", Скотт Дерриксон ," США, Гонконг, Непал",2016 , 7.5 
"Три билборда на границе Эббинга, Миссури"," криминал, драма, комедия", Мартин Макдона ," США, Великобритания",2017 , 8.1 
Стражи Галактики. Часть 2," фантастика, боевик, приключения", Джеймс Ганн , США,2017 , 7.6 
Терминатор 2: Судный день," фантастика, боевик, приключения", Джеймс Кэмерон ," США, Франция",1991 , 8.6 
Бегущий по лезвию 2049," фантастика, боевик, драма", Дени Вильнёв ," США, Великобритания, Канада",2017 , 8.0 
Гладиатор," боевик, приключения, драма", Ридли Скотт ," США, Великобритания, Мальта",2000 , 8.5 
Король Лев," мультфильм, приключения, драма", Роджер Аллерс... , США,1994 , 8.5 
Большой куш," комедия, криминал", Гай Ричи ," Великобритания, США",2000 , 8.2 
Молчание ягнят," триллер, криминал, детектив", Джонатан Демме , США,1990 , 8.6 
Пираты Карибского моря: Сундук мертвеца," фэнтези, боевик, приключения", Гор Вербински , США,2006 , 7.4 
Головоломка," мультфильм, приключения, комедия", Пит Доктер... , США,2015 , 8.1 
Гарри Поттер и Кубок огня," фэнтези, приключения, семейный", Майк Ньюэлл ," Великобритания, США",2005 , 7.7 
Рататуй," мультфильм, приключения, комедия", Брэд Бёрд... , США,2007 , 8.1 
Я – легенда," фантастика, ужасы, драма", Фрэнсис Лоуренс ," США, Великобритания",2007 , 7.2 
Люди в чёрном," фантастика, боевик, приключения", Барри Зонненфельд , США,1997 , 7.3 
Довод," фантастика, боевик, драма", Кристофер Нолан ," Великобритания, США",2020 , 7.3 
Выживший," приключения, драма, история", Алехандро Гонсалес Иньярриту ," США, Гонконг, Тайвань",2015 , 8.0 
Ford против Ferrari," биография, драма, спорт", Джеймс Мэнголд , США,2019 , 8.1 
Корпорация монстров," мультфильм, приключения, комедия", Пит Доктер... , США,2001 , 8.1 
День сурка," комедия, драма, фэнтези", Харольд Рэмис , США,1993 , 8.0 
Иллюзия обмана," криминал, детектив, триллер", Луи Летерье ," Франция, США",2013 , 7.2 
Отступники," криминал, драма, триллер", Мартин Скорсезе ," США, Гонконг",2006 , 8.5 
Гарри Поттер и Орден Феникса," фэнтези, боевик, приключения", Дэвид Йейтс ," Великобритания, США",2007 , 7.5 
Шерлок Холмс," боевик, триллер, драма", Гай Ричи ," США, Германия",2009 , 7.6 
Kingsman: Секретная служба," боевик, комедия, криминал", Мэттью Вон ," Великобритания, США",2015 , 7.7 
Гарри Поттер и Дары Смерти: Часть I," фэнтези, приключения, семейный", Дэвид Йейтс ," Великобритания, США",2010 , 7.7 
Назад в будущее 2," фантастика, комедия, приключения", Роберт Земекис , США,1989 , 7.8 
Гарри Поттер и Принц-полукровка," фэнтези, приключения, боевик", Дэвид Йейтс ," Великобритания, США",2009 , 7.6 
Дэдпул 2," фантастика, боевик, приключения", Дэвид Литч ," США, Канада",2018 , 7.6 
Хоббит: Нежданное путешествие," фэнтези, приключения", Питер Джексон ," Новая Зеландия, США",2012 , 7.8 
Области тьмы," фантастика, триллер", Нил Бёргер , США,2011 , 7.4 
Бэтмен: Начало," боевик, драма", Кристофер Нолан ," США, Великобритания",2005 , 8.2 
Фантастические твари и где они обитают," фэнтези, приключения, семейный", Дэвид Йейтс ," Великобритания, США, Канада",2016 , 7.2 
Грань будущего," фантастика, боевик, приключения", Даг Лайман ," США, Канада, Индия",2014 , 7.9 
Прибытие," фантастика, драма, детектив", Дени Вильнёв ," США, Канада",2016 , 7.9 
"Карты, деньги, два ствола"," комедия, криминал", Гай Ричи ," Великобритания, США",1998 , 8.1 
Загадочная история Бенджамина Баттона," драма, фэнтези, мелодрама", Дэвид Финчер , США,2008 , 7.8 
Первому игроку приготовиться," фантастика, боевик, приключения", Стивен Спилберг ," США, Индия, Сингапур",2018 , 7.4 
Логан," фантастика, боевик, драма", Джеймс Мэнголд , США,2017 , 8.1 
Пираты Карибского моря: На краю света," приключения, фэнтези, боевик", Гор Вербински , США,2007 , 7.1 
Тайна Коко," мультфильм, фэнтези, приключения", Ли Анкрич... ," США, Мексика",2017 , 8.4 
Тор: Рагнарёк," фантастика, фэнтези, боевик", Тайка Вайтити , США,2017 , 7.9 
Веном," фантастика, боевик, приключения", Рубен Фляйшер ," США, Китай",2018 , 6.6 
Вверх," мультфильм, драма, комедия", Пит Доктер... , США,2009 , 8.3 
Игры разума," биография, драма, детектив", Рон Ховард , США,2001 , 8.2 
Человек-паук," фантастика, боевик, приключения", Сэм Рэйми , США,2002 , 7.4 
Как Приручить Дракона," мультфильм, фэнтези, комедия", Дин ДеБлуа... , США,2010 , 8.1 
Оно," ужасы, фэнтези, драма", Андрес Мускетти ," США, Канада",2017 , 7.3 
Унесенные призраками," аниме, мультфильм, фэнтези", Хаяо Миядзаки , Япония,2001 , 8.6 
Душа," мультфильм, фэнтези, семейный", Пит Доктер... , США,2020 , 8.0 
Ледниковый период," мультфильм, приключения, комедия", Крис Уэдж... , США,2002 , 7.5 
Эффект бабочки," фантастика, драма, триллер", Эрик Бресс... ," США, Канада",2004 , 7.6 
Джон Уик," боевик, криминал, триллер", Чад Стахелски... , США,2014 , 7.4 
Достучаться до небес," боевик, криминал, комедия", Томас Ян , Германия,1997 , 7.8 
Иван Васильевич меняет профессию," фантастика, комедия, приключения", Леонид Гайдай , СССР,1973 , 8.2 
Мстители: Эра Альтрона," фантастика, боевик, приключения", Джосс Уидон , США,2015 , 7.3 
Отряд самоубийц," фантастика, фэнтези, боевик", Дэвид Эйр , США,2016 , 5.9 
Терминатор," фантастика, боевик, приключения", Джеймс Кэмерон ," США, Великобритания",1984 , 8.1 
Великий Гэтсби," драма, мелодрама", Баз Лурман ," США, Австралия",2013 , 7.2 
Человек-паук: Вдали от дома," фантастика, фэнтези, боевик", Джон Уоттс ," США, Чехия, Австралия",2019 , 7.4 
Убить Билла," боевик, криминал, драма", Квентин Тарантино ," США, Китай",2003 , 8.2 
Вечное сияние чистого разума," фантастика, драма, мелодрама", Мишель Гондри , США,2004 , 8.3 
Хоббит: Пустошь Смауга," фэнтези, приключения", Питер Джексон ," Новая Зеландия, США",2013 , 7.8 
Брат," криминал, драма, боевик", Алексей Балабанов , Россия,1997 , 7.8 
Человек-паук: Возвращение домой," фантастика, боевик, приключения", Джон Уоттс , США,2017 , 7.4 
Маска," комедия, криминал, фэнтези", Чак Рассел , США,1994 , 7.0 
Назад в будущее 3," фантастика, приключения, комедия", Роберт Земекис , США,1990 , 7.5 
Железный человек 3," фантастика, боевик, приключения", Шейн Блэк , США,2013 , 7.1 
Железный человек 2," фантастика, боевик", Джон Фавро , США,2010 , 6.9 
В поисках Немо," мультфильм, приключения, комедия", Эндрю Стэнтон... ," США, Япония",2003 , 8.2 
Человек-паук: Нет пути домой," фантастика, фэнтези, боевик", Джон Уоттс , США,2021 , 8.2 
Одержимость," драма, музыка", Дэмьен Шазелл , США,2013 , 8.5 
Мальчишник в Вегасе, комедия, Тодд Филлипс , США,2009 , 7.7 
Человек-паук: Через вселенные," мультфильм, фантастика, боевик", Боб Персичетти... ," США, Канада",2018 , 8.4 
Социальная сеть," биография, драма", Дэвид Финчер , США,2010 , 7.8 
Один дома 2: Затерянный в Нью-Йорке," комедия, семейный", Крис Коламбус , США,1992 , 6.9 
Богемская рапсодия," биография, драма, музыка", Брайан Сингер ," США, Великобритания",2018 , 7.9 
Шрек 2," мультфильм, приключения, комедия", Эндрю Адамсон... , США,2004 , 7.4 
Тор," фэнтези, боевик", Кеннет Брана , США,2011 , 7.0 
Одиннадцать друзей Оушена," криминал, триллер", Стивен Содерберг , США,2001 , 7.7 
Первый мститель: Противостояние," фантастика, боевик", Энтони Руссо... ," США, Германия, Пуэрто-Рико",2016 , 7.8 
Сплит," триллер, ужасы", М. Найт Шьямалан ," США, Япония",2016 , 7.3 
Крёстный отец," криминал, драма", Фрэнсис Форд Коппола , США,1972 , 9.2 
Адвокат дьявола," драма, фэнтези, детектив", Тейлор Хэкфорд , США,1997 , 7.5 
Операция «Ы» и другие приключения Шурика," комедия, криминал, драма", Леонид Гайдай , СССР,1965 , 8.4 
Терминал," комедия, драма, мелодрама", Стивен Спилберг , США,2004 , 7.4 
Реквием по мечте, драма, Даррен Аронофски , США,2000 , 8.3 
Пассажиры," фантастика, драма, мелодрама", Мортен Тильдум ," США, Австралия, Гонконг",2016 , 7.0 
Исходный код," фантастика, боевик, триллер", Дункан Джонс ," США, Канада, Франция",2011 , 7.5 
Список Шиндлера," биография, драма, история", Стивен Спилберг , США,1993 , 9.0 
Не смотрите наверх," фантастика, комедия, драма", Адам Маккей ," США, Канада",2021 , 7.2 
Законопослушный гражданин," боевик, криминал, драма", Ф. Гэри Грей , США,2009 , 7.4 
Хоббит: Битва пяти воинств," фэнтези, приключения", Питер Джексон ," Новая Зеландия, США",2014 , 7.4 
Игра в имитацию," биография, драма, триллер", Мортен Тильдум , США,2014 , 8.0 
Главный герой," фантастика, фэнтези, боевик", Шон Леви ," США, Канада",2020 , 7.1 
1917," драма, военный, боевик", Сэм Мендес ," Великобритания, США, Индия",2019 , 8.2 
Человек-муравей," фантастика, боевик, комедия", Пейтон Рид , США,2015 , 7.2 
Крепкий орешек," боевик, триллер", Джон Мактирнан , США,1988 , 8.2 
Чужой," фантастика, ужасы", Ридли Скотт ," США, Великобритания",1979 , 8.5 
Бриллиантовая рука," комедия, криминал, детектив", Леонид Гайдай , СССР,1968 , 8.3 
Гнев человеческий," боевик, криминал, триллер", Гай Ричи ," Великобритания, США",2021 , 7.1 
Хатико: Самый верный друг," биография, драма, семейный", Лассе Халльстрём ," США, Великобритания",2008 , 8.1 
Константин: Повелитель тьмы," ужасы, фэнтези, боевик", Фрэнсис Лоуренс ," США, Германия",2005 , 7.0 
Голодные игры," фантастика, боевик, приключения", Гэри Росс , США,2012 , 7.2 
Мадагаскар," мультфильм, приключения, комедия", Эрик Дарнелл... ," США, Канада, Великобритания",2005 , 6.9 
Кунг-фу Панда," мультфильм, боевик, приключения", Марк Осборн... , США,2008 , 7.6 
Чёрная Пантера," фантастика, боевик, приключения", Райан Куглер , США,2018 , 7.3 
Малыш на драйве," боевик, криминал, драма", Эдгар Райт ," США, Великобритания",2017 , 7.5 
Бешеные псы," криминал, триллер", Квентин Тарантино , США,1991 , 8.3 
Большой Лебовски," комедия, криминал", Джоэл Коэн... ," США, Великобритания",1998 , 8.1 
Драйв," боевик, драма", Николас Виндинг Рефн , США,2011 , 7.8 
Игра," триллер, драма, детектив", Дэвид Финчер , США,1997 , 7.7 
Спасти рядового Райана," драма, военный", Стивен Спилберг , США,1998 , 8.6 
"Я, робот"," фантастика, боевик, детектив", Алекс Пройас ," США, Германия",2004 , 7.1 
Ла-Ла Ленд," мюзикл, мелодрама, драма", Дэмьен Шазелл ," США, Гонконг",2016 , 8.0 
Звёздные войны: Эпизод 4 – Новая надежда," фантастика, фэнтези, боевик", Джордж Лукас , США,1977 , 8.6 
Старикам тут не место," криминал, драма, триллер", Итан Коэн... , США,2007 , 8.2 
Помни," детектив, триллер", Кристофер Нолан , США,2000 , 8.4 
По соображениям совести," биография, драма, история", Мэл Гибсон , США,2016 , 8.1 
Сияние," ужасы, драма, мистика", Стэнли Кубрик ," США, Великобритания",1980 , 8.4 
Человек-паук 2," фантастика, боевик, приключения", Сэм Рэйми , США,2004 , 7.5 
Добро пожаловать в Zомбилэнд," боевик, комедия, ужасы", Рубен Фляйшер , США,2009 , 7.5 
Джон Уик 2," боевик, криминал, триллер", Чад Стахелски ," США, Италия, Гонконг",2017 , 7.4 
Первый мститель: Другая война," фантастика, боевик, приключения", Энтони Руссо... , США,2014 , 7.7 
Брюс Всемогущий," комедия, фэнтези", Том Шэдьяк , США,2003 , 6.8 
Время," фантастика, триллер, драма", Эндрю Никкол , США,2011 , 6.7 
История игрушек," мультфильм, приключения, комедия", Джон Лассетер , США,1995 , 8.3 
Изгой," приключения, драма, мелодрама", Роберт Земекис , США,2000 , 7.8 
Шерлок Холмс: Игра теней," боевик, приключения, детектив", Гай Ричи , США,2011 , 7.4 
Матрица: Перезагрузка," фантастика, боевик", Лана Вачовски... , США,2003 , 7.2 
Американская история X," криминал, драма", Тони Кэй , США,1998 , 8.5 
Шестое чувство," фэнтези, детектив, триллер", М. Найт Шьямалан , США,1999 , 8.2 
Брат 2," криминал, драма, триллер", Алексей Балабанов ," Россия, США",2000 , 7.6 
Пролетая над гнездом кукушки, драма, Милош Форман , США,1975 , 8.7 
Район №9," фантастика, боевик, триллер", Нил Бломкамп ," ЮАР, США, Новая Зеландия",2009 , 7.9 
Звёздные войны: Эпизод 5 – Империя наносит ответный удар," фантастика, фэнтези, боевик", Ирвин Кершнер , США,1980 , 8.7 
Звёздные войны: Эпизод 3 – Месть ситхов," фантастика, боевик, приключения", Джордж Лукас ," США, Италия, Швейцария",2005 , 7.6 
Дюнкерк," боевик, драма, история", Кристофер Нолан ," Великобритания, Нидерланды, Франция",2017 , 7.8 
Джентльмены удачи," комедия, криминал, детектив", Александр Серый , СССР,1971 , 8.3 
Прочь," ужасы, детектив, триллер", Джордан Пил ," США, Япония",2017 , 7.8 
Залечь на дно в Брюгге," комедия, криминал, драма", Мартин Макдона ," Великобритания, США",2007 , 7.9 
Гравитация," фантастика, драма, триллер", Альфонсо Куарон ," США, Великобритания",2013 , 7.7 
Трансформеры," фантастика, боевик, приключения", Майкл Бэй , США,2007 , 7.1 
Оппенгеймер," биография, драма, история", Кристофер Нолан ," США, Великобритания",2023 , 8.3 
Первый мститель," фантастика, боевик, приключения", Джо Джонстон , США,2011 , 6.9 
Далласский клуб покупателей," биография, драма", Жан-Марк Валле , США,2013 , 7.9 
Пираты Карибского моря: На странных берегах," фэнтези, боевик, комедия", Роб Маршалл ," США, Великобритания",2011 , 6.6 
Город грехов," боевик, триллер, криминал", Роберт Родригес... , США,2005 , 8.0 
Круэлла," криминал, комедия, драма", Крэйг Гиллеспи ," США, Великобритания, Канада",2021 , 7.3 
"Кавказская пленница, или Новые приключения Шурика"," комедия, мелодрама, приключения", Леонид Гайдай , СССР,1966 , 8.3 
Люди Икс: Дни минувшего будущего," фантастика, боевик, приключения", Брайан Сингер ," США, Великобритания, Канада",2014 , 7.9 
Такси," боевик, комедия, криминал", Жерар Пирес , Франция,1998 , 7.0 
Славные парни," боевик, комедия, криминал", Шейн Блэк , США,2016 , 7.4 
Звёздные войны: Эпизод 6 – Возвращение Джедая," фантастика, фэнтези, боевик", Ричард Маркуанд , США,1983 , 8.3 
Холодное сердце," мультфильм, мюзикл, фэнтези", Крис Бак... , США,2013 , 7.4 
Троя," боевик, история, драма", Вольфганг Петерсен ," США, Болгария, Великобритания",2004 , 7.3 
V значит вендетта," фантастика, боевик, триллер", Джеймс МакТиг ," США, Великобритания, Германия",2006 , 8.1 
Убить Билла 2," боевик, криминал, триллер", Квентин Тарантино , США,2004 , 8.0 
Война Миров Z," фантастика, ужасы, боевик", Марк Форстер , США,2013 , 7.0 
300 спартанцев," боевик, драма", Зак Снайдер ," США, Канада, Болгария",2007 , 7.6 
Капитан Марвел," фантастика, боевик, приключения", Анна Боден... ," США, Австралия",2019 , 6.8 
Бёрдмэн," комедия, драма", Алехандро Гонсалес Иньярриту , США,2014 , 7.7 
Апгрейд," фантастика, триллер, боевик", Ли Уоннелл ," Австралия, США",2018 , 7.5 
Бегущий по лезвию," фантастика, триллер, драма", Ридли Скотт ," США, Великобритания",1982 , 8.1 
Никто," боевик, криминал, триллер", Илья Найшуллер ," США, Япония, Китай",2021 , 7.4 
Хранители," фантастика, боевик, драма", Зак Снайдер , США,2009 , 7.6 
Тор 2: Царство тьмы," фантастика, фэнтези, боевик", Алан Тейлор , США,2013 , 6.7 
Миллионер из трущоб," криминал, драма, мелодрама", Дэнни Бойл... ," Великобритания, Франция, США",2008 , 8.0 
Пираты Карибского моря: Мертвецы не рассказывают сказки," фэнтези, боевик, комедия", Йоаким Рённинг... ," США, Австралия, Великобритания",2017 , 6.5 
Пленницы," криминал, драма, детектив", Дени Вильнёв , США,2013 , 8.2 
Звёздные войны: Эпизод 7 – Пробуждение силы," фантастика, боевик, приключения", Джей Джей Абрамс ," США, Великобритания",2015 , 7.8 
Джуманджи," фэнтези, приключения, комедия", Джо Джонстон , США,1995 , 7.1 
Агенты А.Н.К.Л.," боевик, приключения, комедия", Гай Ричи ," США, Великобритания",2015 , 7.2 
Ходячий замок," аниме, мультфильм, фантастика", Хаяо Миядзаки ," Япония, США",2004 , 8.2 
Чарли и шоколадная фабрика," фэнтези, мюзикл, приключения", Тим Бёртон , США,2005 , 6.7 
Амели," комедия, мелодрама", Жан-Пьер Жёне ," Франция, Германия",2001 , 8.3 
Звёздные войны: Эпизод 1 – Скрытая угроза," фантастика, фэнтези, боевик", Джордж Лукас ," США, Великобритания",1999 , 6.5 
Тихое место," фантастика, ужасы, драма", Джон Красински , США,2018 , 7.5 
Счастливое число Слевина," детектив, криминал, триллер", Пол Макгиган ," США, Великобритания, Германия",2005 , 7.7 
Джон Уик 3," боевик, криминал, триллер", Чад Стахелски ," США, Марокко, Украина",2019 , 7.4 
Аквамен," фантастика, фэнтези, боевик", Джеймс Ван , США,2018 , 6.8 
Кролик Джоджо," комедия, драма, военный", Тайка Вайтити ," Новая Зеландия, Чехия, США",2019 , 7.9 
Голодные игры: И вспыхнет пламя," фантастика, боевик, приключения", Фрэнсис Лоуренс , США,2013 , 7.5 
Гадкий я," мультфильм, фантастика, приключения", Пьер Коффан... ," США, Франция",2010 , 7.6 
Люди Икс," фантастика, боевик, приключения", Брайан Сингер ," США, Канада",2000 , 7.3 
Всегда говори «ДА»," комедия, мелодрама", Пейтон Рид ," США, Великобритания",2008 , 6.8 
Эквилибриум," фантастика, боевик, драма", Курт Уиммер , США,2002 , 7.3 
Пианист," биография, драма, военный", Роман Полански ," Франция, Польша, Великобритания",2002 , 8.5 
Чудо-женщина," фантастика, фэнтези, боевик", Пэтти Дженкинс ," США, Китай, Гонконг",2017 , 7.3 
Человек из стали," фантастика, боевик, приключения", Зак Снайдер ," США, Великобритания",2013 , 7.1 
Убийство в Восточном экспрессе," криминал, драма, детектив", Кеннет Брана , США,2017 , 6.5 
Люди Икс: Первый класс," фантастика, боевик", Мэттью Вон ," США, Великобритания",2011 , 7.7 
От заката до рассвета," ужасы, фэнтези, боевик", Роберт Родригес ," США, Мексика",1995 , 7.2 
Зодиак," криминал, драма, детектив", Дэвид Финчер , США,2007 , 7.7 
Чёрный лебедь," драма, триллер", Даррен Аронофски , США,2010 , 8.0 
Прометей," фантастика, приключения, детектив", Ридли Скотт ," США, Великобритания",2012 , 7.0 
Отряд самоубийц: Миссия навылет," фантастика, боевик, приключения", Джеймс Ганн , США,2021 , 7.2 
Король говорит!," биография, драма, история", Том Хупер , Великобритания,2010 , 8.0 
Девушка с татуировкой дракона," триллер, драма, криминал", Дэвид Финчер ," США, Швеция",2011 , 7.8 
Человек-муравей и Оса," фантастика, боевик, приключения", Пейтон Рид ," США, Канада",2018 , 7.0 
Быстрее пули," боевик, комедия, триллер", Дэвид Литч ," США, Япония",2022 , 7.3 
Тачки," мультфильм, приключения, комедия", Джон Лассетер... , США,2006 , 7.3 
Рапунцель: Запутанная история," мультфильм, приключения, комедия", Нэйтан Грено... ," США, Япония",2010 , 7.7 
Новый Человек-паук," фантастика, боевик", Марк Уэбб , США,2012 , 6.9 
Суперсемейка," мультфильм, боевик, приключения", Брэд Бёрд , США,2004 , 8.0 
Сонная лощина," ужасы, фэнтези, триллер", Тим Бёртон ," США, Германия, Великобритания",1999 , 7.3 
Аладдин," мультфильм, фэнтези, приключения", Рон Клементс... , США,1992 , 8.0 
Клаус," мультфильм, приключения, комедия", Серхио Паблос... , Испания,2019 , 8.2 
В погоне за счастьем," биография, драма", Габриэле Муччино , США,2006 , 8.0 
Человек-паук 3: Враг в отражении," фантастика, боевик, приключения", Сэм Рэйми , США,2007 , 6.3 
Она," фантастика, драма, мелодрама", Спайк Джонс , США,2013 , 8.0 
Еще по одной," драма, комедия", Томас Винтерберг ," Дания, Швеция, Нидерланды",2020 , 7.7 
Парк Юрского периода," фантастика, боевик, приключения", Стивен Спилберг , США,1993 , 8.2 
Варкрафт," фэнтези, боевик, приключения", Дункан Джонс ," США, Китай, Канада",2016 , 6.7 
Всё везде и сразу," фантастика, фэнтези, боевик", Дэниэл Кван... , США,2021 , 7.8 
Мумия," фэнтези, боевик, приключения", Стивен Соммерс , США,1999 , 7.1 
Алита: Боевой ангел," фантастика, боевик, приключения", Роберт Родригес ," США, Япония, Канада",2019 , 7.3 
Фантастические твари: Преступления Грин-де-Вальда," фэнтези, приключения, семейный", Дэвид Йейтс ," Великобритания, США",2018 , 6.5 
Жизнь Пи," фэнтези, приключения, драма", Энг Ли ," США, Тайвань, Великобритания",2012 , 7.9 
Пипец," боевик, триллер, комедия", Мэттью Вон ," Великобритания, США",2010 , 7.6 
Люси," фантастика, боевик, триллер", Люк Бессон ," Франция, Германия, Тайвань",2014 , 6.4 
Грязь," боевик, комедия, криминал", Джон С. Бейрд ," Великобритания, Германия, Швеция",2013 , 7.0 
Чужие," ужасы, фантастика, боевик", Джеймс Кэмерон ," США, Великобритания",1986 , 8.4 
Красота по-американски, драма, Сэм Мендес , США,1999 , 8.3 
Американский психопат," ужасы, криминал, драма", Мэри Хэррон , США,2000 , 7.6 
Аладдин," мюзикл, фэнтези, приключения", Гай Ричи ," США, Великобритания, Сингапур",2019 , 6.9 
Kingsman: Золотое кольцо," боевик, приключения, комедия", Мэттью Вон ," США, Великобритания, Италия",2017 , 6.7 
Живая сталь," фантастика, боевик, драма", Шон Леви ," США, Индия",2011 , 7.1 
Трасса 60," приключения, фэнтези, комедия", Боб Гейл ," США, Канада",2001 , 7.5 
Звёздные войны: Эпизод 2 – Атака клонов," фантастика, фэнтези, боевик", Джордж Лукас ," США, Великобритания",2002 , 6.6 
Мистер и миссис Смит," боевик, комедия, криминал", Даг Лайман , США,2005 , 6.5 
Гран Торино, драма, Клинт Иствуд ," США, Германия",2008 , 8.1 
Храброе сердце," биография, драма, военный", Мэл Гибсон , США,1995 , 8.3 
Бэтмен против Супермена: На заре справедливости," фантастика, боевик, приключения", Зак Снайдер ," США, Марокко",2016 , 6.5 
Обливион," фантастика, боевик, триллер", Джозеф Косински , США,2013 , 7.0 
Человек дождя, драма, Барри Левинсон , США,1988 , 8.0 
Люди в чёрном 3," фантастика, боевик, комедия", Барри Зонненфельд , США,2012 , 6.8 
Хэнкок," фантастика, боевик, драма", Питер Берг , США,2008 , 6.4 
Матрица: Революция," фантастика, боевик", Лана Вачовски... ," США, Австралия",2003 , 6.7 
Платформа," фантастика, ужасы, детектив", Гальдер Гастелу-Уррутия , Испания,2019 , 7.0 
Джуманджи: Зов джунглей," фэнтези, боевик, приключения", Джейк Кэздан ," США, Австралия, Канада",2017 , 7.0 
Мы – Миллеры," комедия, криминал", Роусон Маршалл Тёрбер ," США, Великобритания",2013 , 7.0 
Веном 2," фантастика, боевик, триллер", Энди Серкис , США,2021 , 5.9 
Скотт Пилигрим против всех," боевик, комедия, фэнтези", Эдгар Райт ," США, Великобритания, Канада",2010 , 7.5 
Эдвард руки-ножницы," драма, фэнтези, мелодрама", Тим Бёртон , США,1990 , 7.9 
Малефисента," фэнтези, семейный, мелодрама", Роберт Стромберг ," США, Канада, Великобритания",2014 , 6.9 
Бэтмен," детектив, боевик, криминал", Мэтт Ривз , США,2022 , 7.8 
Барби," фэнтези, комедия, приключения", Грета Гервиг ," США, Великобритания",2023 , 6.8 
12 лет рабства," биография, драма, история", Стив МакКуин ," США, Великобритания",2013 , 8.1 
История игрушек: Большой побег," мультфильм, приключения, комедия", Ли Анкрич , США,2010 , 8.3 
Аватар: Путь воды," фантастика, фэнтези, боевик", Джеймс Кэмерон , США,2022 , 7.5 
Люди в чёрном 2," фантастика, боевик, приключения", Барри Зонненфельд , США,2002 , 6.2 
Лига справедливости Зака Снайдера," фантастика, фэнтези, боевик", Зак Снайдер , США,2021 , 7.9 
Как приручить дракона 2," мультфильм, фэнтези, комедия", Дин ДеБлуа ," США, Индия",2014 , 7.8 
Умница Уилл Хантинг," драма, мелодрама", Гас Ван Сент , США,1997 , 8.3 
Укрощение строптивого," комедия, мелодрама", Франко Кастеллано... , Италия,1980 , 7.6 
Форсаж," боевик, криминал, триллер", Роб Коэн ," США, Германия",2001 , 6.8 
Стражи Галактики. Часть 3," фантастика, боевик, приключения", Джеймс Ганн ," США, Новая Зеландия, Франция",2023 , 7.9 
Таксист," криминал, драма", Мартин Скорсезе , США,1976 , 8.2 
Стажёр," комедия, драма", Нэнси Майерс , США,2015 , 7.1 
Меч короля Артура," фэнтези, боевик, приключения", Гай Ричи ," США, Великобритания, Индия",2017 , 6.7 
Олдбой," боевик, драма, детектив", Пак Чхан-ук , Южная Корея,2003 , 8.3 
Иллюзионист," драма, фэнтези, детектив", Нил Бёргер ," США, Чехия",2005 , 7.5 
Невероятная жизнь Уолтера Митти," приключения, мелодрама, драма", Бен Стиллер ," США, Великобритания",2013 , 7.3 
Зависнуть в Палм-Спрингс," комедия, фэнтези, детектив", Макс Барбаков ," США, Гонконг",2020 , 7.4 
Дневник памяти," мелодрама, драма", Ник Кассаветис , США,2004 , 7.8 
Поезд в Пусан," ужасы, боевик, триллер", Ён Сан-хо , Южная Корея,2016 , 7.6 
Люди Икс: Апокалипсис," фантастика, боевик, приключения", Брайан Сингер , США,2016 , 6.8 
Изгой-один: Звёздные войны. Истории," фантастика, боевик, приключения", Гарет Эдвардс , США,2016 , 7.8 
Парфюмер: История одного убийцы," криминал, драма, фэнтези", Том Тыквер ," Франция, Германия, Испания",2006 , 7.5 
Шазам!," фэнтези, комедия, приключения", Дэвид Ф. Сандберг ," США, Канада",2019 , 7.0 
Алиса в Стране чудес," фэнтези, приключения, семейный", Тим Бёртон ," США, Италия, Канада",2010 , 6.4 
Люди Икс 2," фантастика, боевик, триллер", Брайан Сингер ," США, Канада",2003 , 7.4 
Достать ножи: Стеклянная луковица," комедия, криминал, драма", Райан Джонсон , США,2022 , 7.1 
Мачо и ботан," боевик, комедия, криминал", Фил Лорд... , США,2012 , 7.2 
Послезавтра," фантастика, триллер, драма", Роланд Эммерих , США,2004 , 6.5 
Звёздные войны: Эпизод 8 – Последние джедаи," фантастика, фэнтези, боевик", Райан Джонсон , США,2017 , 6.9 
Дюна: Часть вторая," фантастика, боевик, приключения", Дени Вильнёв , США,2024 , 8.5 
Петля времени," фантастика, боевик, драма", Райан Джонсон ," США, Китай",2012 , 7.4 
Мгла," фантастика, ужасы, триллер", Фрэнк Дарабонт , США,2007 , 7.1 
Игра на понижение," биография, комедия, драма", Адам Маккей , США,2015 , 7.8 
Новый Человек-паук: Высокое напряжение," фантастика, боевик, приключения", Марк Уэбб , США,2014 , 6.6 
Иллюзия обмана 2," боевик, приключения, комедия", Джон М. Чу ," США, Гонконг",2016 , 6.4 
Из машины," фантастика, драма, триллер", Алекс Гарленд ," Великобритания, США",2014 , 7.7 
Бегущий в лабиринте," фантастика, боевик, детектив", Уэс Болл ," США, Великобритания",2014 , 6.8 
Индиана Джонс: В поисках утраченного ковчега," приключения, боевик", Стивен Спилберг , США,1981 , 8.4 
Оно 2," ужасы, фэнтези, драма", Андрес Мускетти ," США, Канада",2019 , 6.5 
Казино Рояль," боевик, приключения, триллер", Мартин Кэмпбелл ," Великобритания, США, Чехия",2006 , 8.0 
Семь жизней," драма, детектив, триллер", Габриэле Муччино , США,2008 , 7.6 
Пила: Игра на выживание," ужасы, детектив, триллер", Джеймс Ван , США,2004 , 7.6 
Малышка на миллион," драма, спорт", Клинт Иствуд , США,2004 , 8.1 
Чёрная Вдова," фантастика, боевик, приключения", Кейт Шортланд , США,2021 , 6.6 
Ван Хельсинг," фэнтези, боевик, приключения", Стивен Соммерс ," США, Чехия",2004 , 6.1 
Облачный атлас," фантастика, драма, детектив", Лана Вачовски... ," Германия, США, Гонконг",2012 , 7.4 
Люди Икс: Начало. Росомаха," фантастика, боевик", Гэвин Худ ," США, Великобритания",2009 , 6.5 
Красавица и чудовище," мультфильм, семейный, фэнтези", Гари Труздейл... , США,1991 , 8.0 
Третий лишний, комедия, Сет Макфарлейн , США,2012 , 6.9 
Ярость," боевик, драма, военный", Дэвид Эйр ," США, Китай",2014 , 7.6 
Робот по имени Чаппи," фантастика, боевик, криминал", Нил Бломкамп , США,2015 , 6.8 
Гонка," биография, драма, спорт", Рон Ховард ," Великобритания, США",2013 , 8.1 
Дурак," криминал, драма, триллер", Юрий Быков , Россия,2014 , 8.0 
Мир Юрского периода," фантастика, боевик, приключения", Колин Треворроу ," США, Канада",2015 , 6.9 
Лицо со шрамом," криминал, драма", Брайан Де Пальма , США,1983 , 8.3 
На игле, драма, Дэнни Бойл ," Великобритания, США",1996 , 8.1 
Цельнометаллическая оболочка," драма, военный", Стэнли Кубрик ," США, Великобритания",1987 , 8.2 
Сумерки," драма, фэнтези, мелодрама", Кэтрин Хардвик ," США, Великобритания",2008 , 5.3 
500 дней лета," комедия, драма, мелодрама", Марк Уэбб , США,2009 , 7.7 
Шан-Чи и легенда десяти колец," фантастика, фэнтези, боевик", Дестин Дэниэл Креттон , США,2021 , 7.3 
Типа крутые легавые," боевик, комедия, детектив", Эдгар Райт ," Великобритания, Франция, США",2007 , 7.8 
28 дней спустя," фантастика, ужасы, драма", Дэнни Бойл , Великобритания,2002 , 7.5 
Рок-н-рольщик," боевик, криминал, триллер", Гай Ричи ," Великобритания, США",2008 , 7.2 
Крёстный отец 2," криминал, драма", Фрэнсис Форд Коппола , США,1974 , 9.0 
Охотники за привидениями," боевик, комедия, мистика", Айвен Райтман , США,1984 , 7.8 
Славные парни," биография, криминал, драма", Мартин Скорсезе , США,1990 , 8.7 
Семь психопатов," комедия, криминал", Мартин Макдона ," Великобритания, США",2012 , 7.1 
Стрингер," криминал, драма, триллер", Дэн Гилрой , США,2013 , 7.8 
2012," фантастика, боевик, приключения", Роланд Эммерих , США,2009 , 5.8 
Служебный роман," комедия, драма, мелодрама", Эльдар Рязанов , СССР,1977 , 8.2 
История игрушек 2," мультфильм, приключения, комедия", Джон Лассетер... , США,1999 , 7.9 
Город героев," мультфильм, фантастика, комедия", Дон Холл... , США,2014 , 7.8 
"Знакомьтесь, Джо Блэк"," драма, фэнтези, мелодрама", Мартин Брест , США,1998 , 7.2 
Координаты «Скайфолл»," боевик, приключения, триллер", Сэм Мендес ," Великобритания, США, Турция",2012 , 7.8 
Банды Нью-Йорка," криминал, драма", Мартин Скорсезе ," США, Италия",2002 , 7.5 
Ирландец," криминал, драма, триллер", Мартин Скорсезе , США,2019 , 7.8 
Форма воды," фантастика, драма, фэнтези", Гильермо дель Торо ," США, Мексика",2017 , 7.3 
Заложница," боевик, криминал, триллер", Пьер Морель ," Франция, Великобритания, США",2007 , 7.7 
"Ирония судьбы, или С легким паром!"," комедия, драма, мелодрама", Эльдар Рязанов , СССР,1975 , 8.1 
Моана," мультфильм, приключения, комедия", Рон Клементс... , США,2016 , 7.6 
Валериан и город тысячи планет," фантастика, фэнтези, боевик", Люк Бессон , Франция,2017 , 6.4 
Доктор Стрэндж: В мультивселенной безумия," фантастика, фэнтези, боевик", Сэм Рэйми , США,2022 , 6.9 
Ральф," мультфильм, фантастика, приключения", Рич Мур , США,2012 , 7.7 
Невероятный Халк," фантастика, боевик, приключения", Луи Летерье ," США, Канада, Япония",2008 , 6.6 
Тихоокеанский рубеж," фантастика, боевик, приключения", Гильермо дель Торо ," США, Мексика",2013 , 6.9 
Запах женщины, драма, Мартин Брест , США,1992 , 8.0 
Дом странных детей Мисс Перегрин," фэнтези, приключения, драма", Тим Бёртон ," США, Великобритания, Бельгия",2016 , 6.7 
1408," ужасы, мистика", Микаэль Хофстрём , США,2007 , 6.8 
Мальчик в полосатой пижаме," драма, военный", Марк Херман ," Великобритания, США",2008 , 7.7 
Война миров," фантастика, боевик, приключения", Стивен Спилберг , США,2005 , 6.5 
Особое мнение," фантастика, триллер, детектив", Стивен Спилберг , США,2002 , 7.6 
Хищник," фантастика, ужасы, боевик", Джон Мактирнан ," США, Мексика",1987 , 7.8 
127 часов," триллер, биография, драма", Дэнни Бойл ," США, Великобритания, Франция",2010 , 7.5 
Реальные упыри," комедия, ужасы", Джемейн Клемент... ," США, Новая Зеландия",2014 , 7.6 
Господин Никто," фантастика, драма, фэнтези", Жако ван Дормель ," Канада, Бельгия, Германия",2009 , 7.7 
Дьявол носит Prada," комедия, драма", Дэвид Фрэнкел ," США, Франция",2006 , 6.9 
Солнцестояние," ужасы, драма, детектив", Ари Астер ," США, Швеция",2019 , 7.1 
Убойные каникулы," комедия, ужасы", Илай Крэйг ," Канада, Великобритания, США",2010 , 7.5 
Привидение," драма, фэнтези, мелодрама", Джерри Цукер , США,1990 , 7.1 
В джазе только девушки," мелодрама, комедия, криминал", Билли Уайлдер , США,1959 , 8.2 
Индиана Джонс и последний крестовый поход," боевик, приключения", Стивен Спилберг , США,1989 , 8.2 
Убийца," боевик, криминал, драма", Дени Вильнёв ," США, Мексика, Гонконг",2015 , 7.7 
Пока не сыграл в ящик," приключения, комедия, драма", Роб Райнер , США,2007 , 7.3 
Восстание планеты обезьян," фантастика, боевик, драма", Руперт Уайатт , США,2011 , 7.6 
Ветреная река," криминал, драма, детектив", Тейлор Шеридан ," США, Великобритания, Франция",2016 , 7.7 
Фарго," триллер, драма, комедия", Джоэл Коэн... ," США, Великобритания",1995 , 8.1 
Лига справедливости," фантастика, фэнтези, боевик", Зак Снайдер... ," США, Канада, Великобритания",2017 , 6.0 
Обитель зла," фантастика, ужасы, боевик", Пол У. С. Андерсон ," США, Германия",2002 , 6.6 
Лучшее предложение," криминал, драма, детектив", Джузеппе Торнаторе , Италия,2012 , 7.8 
Общество мёртвых поэтов, драма, Питер Уир , США,1989 , 8.1 
Последний самурай," боевик, драма", Эдвард Цвик ," США, Новая Зеландия, Япония",2003 , 7.8 
12 обезьян," фантастика, детектив, триллер", Терри Гиллиам , США,1995 , 8.0 
Телохранитель киллера," боевик, комедия, криминал", Патрик Хьюз ," США, Гонконг, Болгария",2017 , 6.9 
Судья," криминал, драма, детектив", Дэвид Добкин , США,2014 , 7.4 
"Кловерфилд, 10"," фантастика, ужасы, драма", Дэн Трахтенберг , США,2016 , 7.2 
Люди Икс: Последняя битва," фантастика, боевик, приключения", Бретт Рэтнер ," США, Великобритания, Канада",2006 , 6.6 
Шрэк Третий," мультфильм, приключения, комедия", Крис Миллер... , США,2007 , 6.1 
Лабиринт Фавна," драма, фэнтези, военный", Гильермо дель Торо ," Мексика, Испания",2006 , 8.2 
Заводной апельсин," фантастика, криминал", Стэнли Кубрик ," США, Великобритания",1971 , 8.2 
Собачье сердце," фантастика, комедия, драма", Владимир Бортко , СССР,1988 , 8.5 
Дивергент," фантастика, боевик, приключения", Нил Бёргер , США,2014 , 6.6 
Трансформеры: Месть падших," фантастика, боевик, приключения", Майкл Бэй ," США, Иордания, Великобритания",2009 , 6.0 
Идентификация Борна," боевик, детектив, триллер", Даг Лайман ," Германия, США, Чехия",2002 , 7.8 
Мой парень – псих," комедия, драма, мелодрама", Дэвид О. Расселл , США,2012 , 7.7 
Донни Дарко," фантастика, триллер, драма", Ричард Келли , США,2001 , 8.0 
Другие," ужасы, триллер, детектив", Алехандро Аменабар ," США, Испания, Франция",2001 , 7.6 
Стекло," фантастика, ужасы, драма", М. Найт Шьямалан ," США, Австралия",2019 , 6.6 
Армагеддон," фантастика, боевик, приключения", Майкл Бэй , США,1998 , 6.7 
День независимости," фантастика, боевик, приключения", Роланд Эммерих , США,1996 , 7.0 
Зомби по имени Шон," комедия, ужасы", Эдгар Райт ," Великобритания, Франция, США",2004 , 7.9 
Кунг-фу Панда 2," мультфильм, боевик, приключения", Дженнифер Ю Нельсон ," США, Канада",2011 , 7.3 
Легенда," биография, криминал, драма", Брайан Хелгеленд ," Великобритания, Франция, США",2015 , 6.9 
Прислуга, драма, Тейт Тейлор ," США, Индия",2011 , 8.1 
Бойфренд из будущего," фантастика, комедия, драма", Ричард Кёртис ," Великобритания, США",2013 , 7.8 
Университет монстров," мультфильм, приключения, комедия", Дэн Скэнлон ," США, Япония",2013 , 7.2 
Эйс Вентура: Розыск домашних животных," комедия, детектив", Том Шэдьяк , США,1993 , 6.9 
Форсаж 5," боевик, криминал, триллер", Джастин Лин ," США, Япония, Бразилия",2011 , 7.3 
Звёздные войны: Эпизод 9 – Скайуокер. Восход," фантастика, фэнтези, боевик", Джей Джей Абрамс ," США, Великобритания",2019 , 6.4 
Такси 2," боевик, комедия, криминал", Жерар Кравчик , Франция,2000 , 6.5 
Линкольн для адвоката," криминал, драма, детектив", Брэд Фурман , США,2011 , 7.3 
Джон Уик 4," боевик, криминал, триллер", Чад Стахелски ," США, Германия",2023 , 7.6 
Голодные игры: Сойка-пересмешница. Часть 1," фантастика, боевик, приключения", Фрэнсис Лоуренс ," США, Канада, Франция",2014 , 6.6 
Мальчишник 2: Из Вегаса в Бангкок, комедия, Тодд Филлипс , США,2011 , 6.5 
Евротур," комедия, приключения", Джефф Шаффер... , США,2004 , 6.6 
Гадкий я 2," мультфильм, фантастика, приключения", Пьер Коффан... ," США, Франция",2013 , 7.3 
Тайная жизнь домашних животных," мультфильм, приключения, комедия", Крис Рено ," США, Япония",2016 , 6.5 
Нечто," фантастика, ужасы, детектив", Джон Карпентер ," США, Канада",1982 , 8.2 
Интервью с вампиром," ужасы, драма, фэнтези", Нил Джордан , США,1994 , 7.5 
Нефть, драма, Пол Томас Андерсон , США,2007 , 8.2 
Королевство полной луны," фэнтези, приключения, комедия", Уэс Андерсон , США,2012 , 7.8 
Росомаха: Бессмертный," фантастика, боевик", Джеймс Мэнголд ," США, Великобритания",2013 , 6.7 
Анчартед: На картах не значится," боевик, приключения", Рубен Фляйшер ," США, Испания",2022 , 6.3 
Дэдпул и Росомаха," фантастика, боевик, комедия", Шон Леви ," США, Великобритания, Новая Зеландия",2024 , 7.6 
Топ Ган: Мэверик," боевик, драма, мелодрама", Джозеф Косински , США,2022 , 8.2 
Трансформеры 3: Тёмная сторона Луны," фантастика, боевик, приключения", Майкл Бэй ," США, Гонконг, Камбоджа",2011 , 6.2 
"Хроники Нарнии: Лев, колдунья и волшебный шкаф"," фэнтези, приключения, семейный", Эндрю Адамсон ," США, Великобритания",2005 , 6.9 
Мадагаскар 2," мультфильм, комедия, приключения", Эрик Дарнелл... ," США, Великобритания",2008 , 6.6 
Храбрая сердцем," мультфильм, фэнтези, комедия", Марк Эндрюс... , США,2012 , 7.1 
Хижина в лесу," ужасы, фэнтези, комедия", Дрю Годдард ," США, Канада",2011 , 7.0 
Час пик," боевик, комедия, криминал", Бретт Рэтнер , США,1998 , 7.0 
Планета Ка-Пэкс," фантастика, драма, детектив", Иэн Софтли ," Германия, США",2001 , 7.4 
Джуманджи: Новый уровень," фэнтези, боевик, приключения", Джейк Кэздан ," США, Индия, Австралия",2019 , 6.6 
Код Да Винчи," детектив, триллер, мистика", Рон Ховард ," США, Мальта, Франция",2006 , 6.6 
Твоё имя," аниме, мультфильм, драма", Макото Синкай , Япония,2016 , 8.4 
Вселенная Стивена Хокинга," биография, драма, мелодрама", Джеймс Марш ," Великобритания, Япония, США",2014 , 7.7 
Вспомнить всё," фантастика, боевик, приключения", Пол Верховен ," США, Мексика",1990 , 7.5 
12 разгневанных мужчин," криминал, драма", Сидни Люмет , США,1956 , 9.0 
Двенадцать друзей Оушена," криминал, триллер", Стивен Содерберг , США,2004 , 6.5 
Москва слезам не верит," комедия, драма, мелодрама", Владимир Меньшов , СССР,1979 , 8.0 
Труп невесты," мультфильм, комедия, драма", Тим Бёртон... , США,2005 , 7.4 
Монстры на каникулах," мультфильм, комедия, фэнтези", Геннди Тартаковски ," США, Канада",2012 , 7.0 
Ледниковый период 2: Глобальное потепление," мультфильм, приключения, комедия", Карлос Салдана ," США, Великобритания",2006 , 6.8 
Живое," фантастика, ужасы, триллер", Даниэль Эспиноса , США,2017 , 6.6 
Ничего хорошего в отеле «Эль Рояль»," криминал, драма, детектив", Дрю Годдард , США,2018 , 7.1 
Ночь в музее," фэнтези, приключения, комедия", Шон Леви ," США, Великобритания",2006 , 6.5 
Элизиум: Рай не на Земле," фантастика, боевик, драма", Нил Бломкамп ," США, Канада",2013 , 6.6 
Пункт назначения," ужасы, мистика", Джеймс Вон ," США, Канада",2000 , 6.7 
Шпион," боевик, комедия", Пол Фиг , США,2015 , 7.0 
Форсаж 7," боевик, триллер", Джеймс Ван ," США, Китай, Япония",2015 , 7.1 
Мулан," мультфильм, приключения, комедия", Тони Бэнкрофт... , США,1998 , 7.7 
Фокус," комедия, криминал, драма", Гленн Фикарра... ," США, Аргентина",2014 , 6.6 
Субстанция," фантастика, ужасы, драма", Корали Фаржа ," Великобритания, Франция",2024 , 7.3 
Красотка," комедия, мелодрама", Гэрри Маршалл , США,1990 , 7.1 
Король Лев," мультфильм, приключения, драма", Джон Фавро , США,2019 , 6.8 
Как приручить дракона 3," мультфильм, боевик, приключения", Дин ДеБлуа ," США, Япония",2019 , 7.4 
Невидимый гость," криминал, драма, детектив", Ориол Паоло , Испания,2016 , 8.0 
Меню," триллер, комедия", Марк Майлод , США,2022 , 7.2 
Мой сосед Тоторо," аниме, мультфильм, комедия", Хаяо Миядзаки , Япония,1988 , 8.1 
Американский пирог, комедия, Пол Вайц... , США,1999 , 7.0 
Кинг Конг," приключения, фэнтези, боевик", Питер Джексон ," Новая Зеландия, США, Германия",2005 , 7.2 
Звездный путь," фантастика, боевик, приключения", Джей Джей Абрамс ," США, Германия",2009 , 7.9 
Луна 2112," фантастика, драма, детектив", Дункан Джонс ," Великобритания, США",2009 , 7.8 
"Человек, который изменил всё"," биография, драма, спорт", Беннетт Миллер , США,2011 , 7.6 
Терминатор 3: Восстание машин," фантастика, боевик", Джонатан Мостоу ," США, Великобритания, Германия",2003 , 6.3 
Переводчик," боевик, триллер, военный", Гай Ричи ," Великобритания, Испания, США",2023 , 7.5 
Под покровом ночи," драма, триллер", Том Форд ," США, Китай",2016 , 7.4 
Жизнь прекрасна," комедия, драма, мелодрама", Роберто Бениньи , Италия,1997 , 8.6 
Чужой: Завет," фантастика, ужасы, триллер", Ридли Скотт ," США, Великобритания",2017 , 6.4 
Zомбилэнд: Контрольный выстрел," боевик, комедия, ужасы", Рубен Фляйшер , США,2019 , 6.7 
Любовь и голуби," комедия, драма, мелодрама", Владимир Меньшов , СССР,1984 , 7.9 
Апокалипсис," боевик, приключения, драма", Мэл Гибсон ," США, Мексика",2006 , 7.8 
Принц Персии: Пески времени," фэнтези, боевик, приключения", Майк Ньюэлл , США,2010 , 6.5 
Тупой и ещё тупее, комедия, Питер Фаррелли... , США,1994 , 7.3 
Вечные," фантастика, фэнтези, боевик", Хлоя Чжао , США,2021 , 6.3 
Мегамозг," мультфильм, фантастика, боевик", Том МакГрат ," США, Австралия",2010 , 7.3 
Планета обезьян: Революция," фантастика, боевик, приключения", Мэтт Ривз ," США, Великобритания, Канада",2014 , 7.6 
Борат, комедия, Ларри Чарльз ," США, Великобритания",2006 , 7.4 
Остров собак," мультфильм, фантастика, приключения", Уэс Андерсон ," США, Великобритания, Германия",2018 , 7.8 
"Лжец, лжец"," комедия, фэнтези", Том Шэдьяк , США,1997 , 6.9 
Лобстер," фантастика, драма, мелодрама", Йоргос Лантимос ," Великобритания, Ирландия, Греция",2015 , 7.1 
Сквозь снег," фантастика, боевик, триллер", Пон Джун Хо ," Южная Корея, Чехия",2013 , 7.1 
Крепкий орешек 2," боевик, триллер", Ренни Харлин , США,1990 , 7.1 
Без лица," фантастика, боевик, криминал", Джон Ву , США,1997 , 7.3 
Призрак в доспехах," фантастика, боевик, криминал", Руперт Сандерс ," США, Индия, Гонконг",2017 , 6.3 
Шрэк навсегда," мультфильм, приключения, комедия", Майк Митчелл , США,2010 , 6.3 
Маяк," драма, фэнтези, детектив", Роберт Эггерс ," Канада, США",2019 , 7.4 
Дитя человеческое," фантастика, триллер, драма", Альфонсо Куарон ," Великобритания, США, Япония",2006 , 7.9 
Тор: Любовь и гром," фантастика, боевик, приключения", Тайка Вайтити ," США, Австралия",2022 , 6.2 
Авиатор," биография, драма", Мартин Скорсезе ," США, Германия",2004 , 7.5 
Гаттака," фантастика, драма, мелодрама", Эндрю Никкол , США,1997 , 7.7 
Не время умирать," боевик, приключения, триллер", Кэри Дзёдзи Фукунага ," Великобритания, США",2020 , 7.3 
Книга Илая," боевик, приключения, драма", Альберт Хьюз... , США,2009 , 6.8 
Миссия невыполнима: Последствия," боевик, приключения, триллер", Кристофер Маккуорри ," США, Китай, Франция",2018 , 7.7 
Схватка," криминал, драма, триллер", Майкл Манн , США,1995 , 8.3 
Матрица: Воскрешение," фантастика, боевик, мелодрама", Лана Вачовски ," США, Австралия",2021 , 5.6 
Миссия невыполнима," боевик, приключения, триллер", Брайан Де Пальма , США,1996 , 7.2 
Реальная любовь," комедия, драма, мелодрама", Ричард Кёртис ," Великобритания, Франция, США",2003 , 7.6 
Пол: Секретный материальчик," фантастика, приключения, комедия", Грег Моттола ," США, Великобритания",2011 , 6.9 
Кот в сапогах: Последнее желание," мультфильм, фэнтези, приключения", Джоэль Кроуфорд... , США,2022 , 7.8 
Подмена," биография, криминал, драма", Клинт Иствуд , США,2008 , 7.7 
Апокалипсис сегодня," драма, детектив, военный", Фрэнсис Форд Коппола , США,1979 , 8.4 
Голодные игры: Сойка-пересмешница. Часть 2," фантастика, боевик, приключения", Фрэнсис Лоуренс ," США, Германия, Канада",2015 , 6.6 
Шпионский мост," драма, история, триллер", Стивен Спилберг ," США, Индия, Германия",2015 , 7.6 
Охота, драма, Томас Винтерберг ," Дания, Швеция, Бельгия",2012 , 8.3 
Великий уравнитель," боевик, криминал, триллер", Антуан Фукуа , США,2014 , 7.3 
Особо опасен," боевик, криминал, триллер", Тимур Бекмамбетов ," США, Германия, Россия",2008 , 6.7 
"Дом, который построил Джек"," триллер, криминал, драма", Ларс фон Триер ," Дания, Швеция, Франция",2018 , 6.8 
Суперсемейка 2," мультфильм, фантастика, боевик", Брэд Бёрд ," США, Япония",2018 , 7.5 
Звёздный десант," фантастика, боевик, приключения", Пол Верховен , США,1997 , 7.3 
Очень страшное кино, комедия, Кинен Айвори Уайанс , США,2000 , 6.3 
Миссия невыполнима: Протокол фантом," боевик, приключения, триллер", Брэд Бёрд ," США, ОАЭ, Россия",2011 , 7.4 
Тринадцать друзей Оушена," криминал, триллер", Стивен Содерберг , США,2007 , 6.9 
Форсаж 6," боевик, триллер, драма", Джастин Лин ," США, Япония, Испания",2013 , 7.0 
Впритык," комедия, драма", Тодд Филлипс , США,2010 , 6.5 
Заклятие," ужасы, детектив, мистика", Джеймс Ван , США,2013 , 7.5 
Психо," ужасы, детектив, триллер", Альфред Хичкок , США,1960 , 8.5 
Я иду искать," боевик, комедия, ужасы", Мэтт Беттинелли-Олпин... , США,2019 , 6.8 
Индиана Джонс и Храм судьбы," боевик, приключения", Стивен Спилберг , США,1984 , 7.5 
Двойной форсаж," боевик, криминал, триллер", Джон Синглтон ," США, Германия",2003 , 5.9 
Тройной форсаж: Токийский дрифт," боевик, криминал, триллер", Джастин Лин ," США, Германия, Япония",2006 , 6.1 
Красное уведомление," боевик, комедия, криминал", Роусон Маршалл Тёрбер ," США, Великобритания, Сингапур",2021 , 6.3 
Правила съёма: Метод Хитча," комедия, мелодрама", Энди Теннант , США,2005 , 6.6 
Ранго," мультфильм, боевик, приключения", Гор Вербински ," США, Великобритания",2011 , 7.3 
К звездам," фантастика, приключения, драма", Джеймс Грэй ," США, Бразилия",2019 , 6.5 
"Хороший, плохой, злой"," вестерн, приключения, боевик", Серджио Леоне ," Италия, Испания, Германия (ФРГ)",1966 , 8.8 
Русалочка," мультфильм, приключения, семейный", Рон Клементс... , США,1989 , 7.6 
Доктор Сон," ужасы, триллер, драма", Майк Флэнаган ," США, Канада",2019 , 7.3 
Блэйд," фантастика, ужасы, боевик", Стивен Норрингтон , США,1998 , 7.1 
Кот в сапогах," мультфильм, боевик, приключения", Крис Миллер , США,2011 , 6.6 
Аннигиляция," фантастика, ужасы, приключения", Алекс Гарленд ," США, Великобритания",2018 , 6.8 
Терминатор: Да придёт спаситель," фантастика, боевик, приключения", МакДжи , США,2009 , 6.5 
О чём говорят мужчины, комедия, Дмитрий Дьяченко , Россия,2010 , 7.5 
2001 год: Космическая одиссея," фантастика, приключения", Стэнли Кубрик ," США, Великобритания",1967 , 8.3 
Малхолланд Драйв," драма, детектив, триллер", Дэвид Линч ," США, Франция",2001 , 7.9 
Такси 3," боевик, комедия, криминал", Жерар Кравчик , Франция,2003 , 5.8 
Форсаж: Хоббс и Шоу," боевик, приключения, триллер", Дэвид Литч , США,2019 , 6.5 
Ледниковый период 3: Эра динозавров," мультфильм, комедия, приключения", Карлос Салдана... ," США, Великобритания, Канада",2009 , 6.9 
Стартрек: Возмездие," фантастика, боевик, приключения", Джей Джей Абрамс , США,2013 , 7.7 
Оружейный барон," криминал, драма", Эндрю Никкол ," Германия, США, Франция",2005 , 7.6 
Форсаж 8," боевик, криминал, триллер", Ф. Гэри Грей ," США, Китай, Япония",2017 , 6.6 
Полночь в Париже," комедия, фэнтези, мелодрама", Вуди Аллен ," США, Испания",2011 , 7.6 
Рокки," драма, спорт", Джон Г. Эвилдсен , США,1976 , 8.1 
Миссия невыполнима: Племя изгоев," боевик, приключения, триллер", Кристофер Маккуорри ," США, Китай, Великобритания",2015 , 7.4 
Клик: С пультом по жизни," комедия, драма, фэнтези", Фрэнк Корачи , США,2006 , 6.4 
Майор Гром: Чумной Доктор," криминал, боевик, триллер", Олег Трофим , Россия,2021 , 6.3 
Неуязвимый," фантастика, драма, детектив", М. Найт Шьямалан , США,2000 , 7.3 
Робокоп," фантастика, боевик, криминал", Пол Верховен , США,1987 , 7.6 
Мортал Комбат," фантастика, фэнтези, боевик", Саймон Маккуойд , США,2021 , 6.0 
Люди Икс: Тёмный Феникс," фантастика, боевик, приключения", Саймон Кинберг , США,2019 , 5.7 
Казино," криминал, драма", Мартин Скорсезе ," США, Франция",1995 , 8.2 
Хан Соло: Звёздные войны. Истории," фантастика, боевик, приключения", Рон Ховард , США,2018 , 6.9 
Конг: Остров черепа," фантастика, фэнтези, боевик", Джордан Вот-Робертс ," США, Китай, Вьетнам",2017 , 6.7 
Терминатор: Генезис," фантастика, боевик, приключения", Алан Тейлор ," США, Канада",2015 , 6.3 
Скорость," боевик, приключения, триллер", Ян де Бонт , США,1994 , 7.3 
Страх и ненависть в Лас-Вегасе," драма, комедия", Терри Гиллиам , США,1998 , 7.5 
Джек Ричер," боевик, триллер, детектив", Кристофер Маккуорри , США,2012 , 7.0 
Тихое место 2," фантастика, ужасы, триллер", Джон Красински , США,2020 , 7.2 
Хищные птицы: Потрясающая история Харли Квинн," боевик, криминал, комедия", Кэти Янь ," США, Великобритания",2019 , 6.1 
Жмурки," комедия, криминал, триллер", Алексей Балабанов , Россия,2005 , 7.2 
Остров сокровищ," мультфильм, приключения, комедия", Давид Черкасский , СССР,1988 , 8.1 
Эверест," приключения, биография, драма", Бальтасар Кормакур ," США, Великобритания, Исландия",2015 , 7.1 
После прочтения сжечь," комедия, криминал, драма", Итан Коэн... ," США, Великобритания, Франция",2008 , 7.0 
Зверопой," мультфильм, комедия, семейный", Гарт Дженнингс... ," США, Япония",2016 , 7.1 
Форсаж 4," криминал, боевик, триллер", Джастин Лин ," США, Япония, Мексика",2009 , 6.5 
Чего хотят женщины," комедия, фэнтези, мелодрама", Нэнси Майерс , США,2000 , 6.5 
Приключения Паддингтона," фэнтези, приключения, комедия", Пол Кинг ," Великобритания, Франция",2014 , 7.3 
Сайлент Хилл," ужасы, фэнтези, детектив", Кристоф Ган ," Канада, Франция",2006 , 6.5 
Муви 43, комедия, Стивен Брилл... , США,2013 , 4.4 
Мадагаскар 3," мультфильм, приключения, комедия", Эрик Дарнелл... , США,2012 , 6.8 
Принцесса Мононоке," аниме, мультфильм, фэнтези", Хаяо Миядзаки , Япония,1997 , 8.3 
Монстро," ужасы, фантастика, триллер", Мэтт Ривз , США,2008 , 7.0 
Меняющие реальность," фантастика, криминал, драма", Джордж Нолфи , США,2011 , 7.0 
Крупная рыба," фэнтези, приключения, драма", Тим Бёртон , США,2003 , 8.0 
Человек-паук: Паутина Вселенных," мультфильм, фантастика, боевик", Жуакин Душ Сантуш... , США,2023 , 8.5 
Ультиматум Борна," боевик, детектив, триллер", Пол Гринграсс ," США, Германия, Франция",2007 , 8.0 
Неудержимые," боевик, приключения, триллер", Сильвестр Сталлоне ," США, Болгария, Испания",2010 , 6.4 
Легенда №17," биография, драма, спорт", Николай Лебедев , Россия,2012 , 7.4 
В бой идут одни «старики»," драма, комедия, военный", Леонид Быков , СССР,1973 , 8.2 
Перевозчик," боевик, криминал, триллер", Луи Летерье... ," Франция, США",2002 , 6.8 
Ночные игры," боевик, приключения, комедия", Джон Фрэнсис Дейли... , США,2018 , 6.9 
Балто," мультфильм, приключения, драма", Саймон Уэллс , США,1995 , 7.1 
Предложение," комедия, драма, мелодрама", Энн Флетчер , США,2009 , 6.8 
Мост в Терабитию," фэнтези, драма, приключения", Габор Чупо ," США, Новая Зеландия",2006 , 7.2 
Перл-Харбор," боевик, драма, мелодрама", Майкл Бэй , США,2001 , 6.2 
Хранители снов," мультфильм, фантастика, боевик", Питер Рэмзи ," США, Индия",2012 , 7.2 
В центре внимания," биография, криминал, драма", Том Маккарти , США,2015 , 8.1 
Подозрительные лица," криминал, драма, детектив", Брайан Сингер ," США, Германия",1995 , 8.5 
Расплата," боевик, криминал, драма", Гэвин О’Коннор , США,2016 , 7.3 
Планета обезьян: Война," фантастика, боевик, приключения", Мэтт Ривз , США,2017 , 7.4 
Адреналин," боевик, криминал, триллер", Марк Невелдайн... , США,2006 , 6.9 
Идеальные незнакомцы," комедия, драма, триллер", Паоло Дженовезе , Италия,2016 , 7.7 
Коралина в Стране Кошмаров," мультфильм, драма, семейный", Генри Селик ," США, Австрия, Франция",2008 , 7.8 
СПЕКТР," боевик, приключения, триллер", Сэм Мендес ," Великобритания, США, Марокко",2015 , 6.8 
Люди в черном: Интернэшнл," фантастика, боевик, приключения", Ф. Гэри Грей ," США, Китай",2019 , 5.6 
Сумерки. Сага. Новолуние," фэнтези, приключения, драма", Крис Вайц , США,2009 , 4.8 
Одарённая, драма, Марк Уэбб , США,2017 , 7.6 
Сокровище нации," боевик, приключения, детектив", Джон Тёртлтауб , США,2004 , 6.9 
Райя и последний дракон," мультфильм, фэнтези, приключения", Дон Холл... , США,2021 , 7.3 
В поисках Дори," мультфильм, приключения, комедия", Эндрю Стэнтон... , США,2016 , 7.2 
Вперёд," мультфильм, приключения, комедия", Дэн Скэнлон ," США, Япония",2019 , 7.4 
Дежавю," фантастика, боевик, криминал", Тони Скотт ," США, Великобритания",2006 , 7.1 
12 стульев," приключения, комедия, криминал", Леонид Гайдай , СССР,1971 , 8.2 
Парни со стволами," биография, комедия, криминал", Тодд Филлипс ," США, Румыния",2016 , 7.1 
Догма," фэнтези, приключения, комедия", Кевин Смит , США,1999 , 7.3 
мама!," ужасы, драма, детектив", Даррен Аронофски , США,2017 , 6.6 
Мумия возвращается," фэнтези, боевик, приключения", Стивен Соммерс ," США, Марокко, Великобритания",2001 , 6.4 
Покемон: Детектив Пикачу," фантастика, приключения, комедия", Роб Леттерман ," США, Япония, Великобритания",2019 , 6.5 
Чудо на Гудзоне," биография, драма", Клинт Иствуд , США,2016 , 7.4 
Тоня против всех," биография, комедия, драма", Крэйг Гиллеспи ," США, Великобритания, Катар",2017 , 7.5 
Большая игра," биография, криминал, драма", Аарон Соркин ," США, Канада, Китай",2017 , 7.4 
Операция «Арго»," биография, драма, история", Бен Аффлек ," США, Великобритания",2012 , 7.7 
Капитан Фантастик," драма, комедия", Мэтт Росс , США,2016 , 7.8 
Самый пьяный округ в мире," биография, криминал, драма", Джон Хиллкоут , США,2012 , 7.2 
Солдаты неудачи," боевик, комедия, военный", Бен Стиллер ," Германия, США, Великобритания",2008 , 7.1 
Подземелья и драконы: Честь среди воров," фэнтези, боевик, приключения", Джон Фрэнсис Дейли... ," США, Канада, Великобритания",2023 , 7.2 
Превосходство Борна," боевик, триллер", Пол Гринграсс ," США, Германия, Индия",2004 , 7.7 
Трон: Наследие," фантастика, боевик, приключения", Джозеф Косински ," США, Индия, Великобритания",2010 , 6.8 
Святые из Бундока," боевик, триллер, драма", Трой Даффи ," США, Канада",1999 , 7.6 
РЭД," боевик, комедия, криминал", Роберт Швентке , США,2010 , 7.0 
Жизнь Дэвида Гейла," криминал, драма, детектив", Алан Паркер ," США, Великобритания, Германия",2003 , 7.5 
Револьвер," боевик, криминал, драма", Гай Ричи ," Франция, Великобритания",2005 , 6.3 
Телефонная будка," криминал, триллер", Джоэл Шумахер , США,2002 , 7.1 
Соник в кино," фантастика, фэнтези, боевик", Джефф Фаулер ," США, Япония, Канада",2020 , 6.5 
Чудо-женщина: 1984," фэнтези, боевик, приключения", Пэтти Дженкинс , США,2020 , 5.4 
Четыре комнаты, комедия, Эллисон Андерс... , США,1995 , 6.7 
Милые кости," драма, триллер, мистика", Питер Джексон ," США, Великобритания, Новая Зеландия",2009 , 6.6 
Афера по-американски," криминал, драма", Дэвид О. Расселл ," США, Китай",2013 , 7.2 
Операция «Фортуна»," боевик, комедия, триллер", Гай Ричи ," США, Великобритания, Китай",2022 , 6.3 
Алеша Попович и Тугарин Змей," мультфильм, комедия, приключения", Константин Бронзит , Россия,2004 , 7.1 
Догвилль," криминал, драма", Ларс фон Триер ," Дания, Нидерланды, Швеция",2003 , 8.0 
Звезда родилась," драма, музыка, мелодрама", Брэдли Купер , США,2018 , 7.6 
Секс по дружбе," комедия, мелодрама", Уилл Глак , США,2011 , 6.5 
Машинист," драма, триллер", Брэд Андерсон , Испания,2004 , 7.6 
Звонок," ужасы, триллер, детектив", Гор Вербински ," США, Япония",2002 , 7.1 
Одинокий рейнджер," вестерн, приключения, боевик", Гор Вербински , США,2013 , 6.4 
Век Адалин," мелодрама, фэнтези, драма", Ли Толанд Кригер ," США, Канада",2015 , 7.2 
Трудности перевода," комедия, драма", София Коппола ," США, Япония",2003 , 7.7 
Трансформеры: Эпоха истребления," фантастика, боевик, приключения", Майкл Бэй ," США, Китай, Гонконг",2014 , 5.6 
Крик," ужасы, детектив", Уэс Крэйвен , США,1996 , 7.4 
Диктатор, комедия, Ларри Чарльз , США,2012 , 6.5 
Время," ужасы, драма, детектив", М. Найт Шьямалан ," США, Япония, Китай",2021 , 5.8 
Невидимая сторона," биография, драма, спорт", Джон Ли Хэнкок , США,2009 , 7.6 
В диких условиях," приключения, биография, драма", Шон Пенн , США,2007 , 8.1 
История игрушек 4," мультфильм, приключения, комедия", Джош Кули , США,2019 , 7.6 
Крепкий орешек 3: Возмездие," боевик, приключения, триллер", Джон Мактирнан , США,1995 , 7.6 
Реинкарнация," ужасы, драма, детектив", Ари Астер , США,2018 , 7.3 
Хулиганы," криминал, драма, спорт", Лекси Александр ," Великобритания, США",2004 , 7.4 
Плохие парни навсегда," боевик, комедия, криминал", Адиль Эль Арби... , США,2020 , 6.5 
Малефисента: Владычица тьмы," фэнтези, приключения, драма", Йоаким Рённинг ," США, Великобритания, Канада",2019 , 6.6 
Холодное сердце 2," мультфильм, приключения, комедия", Крис Бак... ," США, Япония",2019 , 6.8 
Погребенный заживо," драма, детектив, триллер", Родриго Кортес ," Испания, Великобритания, Франция",2010 , 7.0 
Эта дурацкая любовь," комедия, драма, мелодрама", Гленн Фикарра... , США,2011 , 7.4 
Мы," триллер, ужасы, мистика", Джордан Пил ," США, Китай, Япония",2019 , 6.8 
Круиз по джунглям," приключения, фэнтези, боевик", Жауме Кольет-Серра ," США, Венгрия, Канада",2021 , 6.6 
Тренировочный день," криминал, драма, триллер", Антуан Фукуа , США,2001 , 7.8 
Таинственная река," криминал, драма, детектив", Клинт Иствуд ," США, Австралия",2003 , 7.9 
Кровавый алмаз," приключения, драма, триллер", Эдвард Цвик ," США, Германия",2006 , 8.0 
Сделано в Америке," боевик, комедия, криминал", Даг Лайман ," США, Япония, Колумбия",2017 , 7.1 
Остров," фантастика, боевик, триллер", Майкл Бэй , США,2005 , 6.8 
"Суини Тодд, демон-парикмахер с Флит-стрит"," мюзикл, ужасы, драма", Тим Бёртон ," США, Великобритания",2007 , 7.3 
Плохие парни," боевик, комедия, криминал", Майкл Бэй , США,1995 , 6.8 
Город бога," криминал, драма", Фернанду Мейреллиш... ," Бразилия, Франция",2002 , 8.6 
Терминатор: Тёмные судьбы," фантастика, боевик, приключения", Тим Миллер ," США, Испания, Венгрия",2019 , 6.2 
Ральф против интернета," мультфильм, фантастика, приключения", Фил Джонстон... , США,2018 , 7.0 
Фантастическая четверка," фантастика, фэнтези, боевик", Тим Стори ," США, Германия",2005 , 5.7 
Вторая жизнь Уве," комедия, драма, мелодрама", Ханнес Холм ," Швеция, Дания, Норвегия",2015 , 7.7 
Сумерки. Сага. Затмение," фэнтези, боевик, приключения", Дэвид Слэйд , США,2010 , 5.1 
Отец," драма, детектив", Флориан Зеллер ," Великобритания, Франция, США",2020 , 8.2 
Воин," боевик, драма, спорт", Гэвин О’Коннор , США,2011 , 8.1 
Кто подставил кролика Роджера," мультфильм, приключения, комедия", Роберт Земекис , США,1988 , 7.7 
Пиджак," фантастика, драма, фэнтези", Джон Мэйбери ," США, Германия",2004 , 7.1 
Ной," боевик, приключения, драма", Даррен Аронофски , США,2014 , 5.8 
Мачо и ботан 2," боевик, комедия, криминал", Фил Лорд... , США,2014 , 7.0 
Скала," боевик, приключения, триллер", Майкл Бэй , США,1996 , 7.4 
Мрачные тени," комедия, фэнтези, ужасы", Тим Бёртон ," США, Австралия, Великобритания",2012 , 6.2 
Телепорт," фантастика, боевик, приключения", Даг Лайман ," США, Канада",2008 , 6.1 
Джон Картер," фантастика, боевик, приключения", Эндрю Стэнтон , США,2012 , 6.6 
Основатель," биография, драма", Джон Ли Хэнкок , США,2016 , 7.2 
13-й район," фантастика, боевик, криминал", Пьер Морель , Франция,2004 , 7.1 
Астрал," ужасы, триллер, мистика", Джеймс Ван , США,2010 , 6.8 
Железная хватка," драма, вестерн", Итан Коэн... , США,2010 , 7.6 
Дом Gucci," драма, биография", Ридли Скотт ," США, Канада, Великобритания",2021 , 6.6 
Полицейская академия," комедия, криминал", Хью Уилсон , США,1984 , 6.7 
Мир Юрского периода 2," фантастика, боевик, приключения", Хуан Антонио Байона ," США, Китай",2018 , 6.1 
Квант милосердия," боевик, приключения, детектив", Марк Форстер ," Великобритания, США, Италия",2008 , 6.5 
Индиана Джонс и Королевство хрустального черепа," фантастика, боевик, триллер", Стивен Спилберг , США,2008 , 6.2 
Вышка," боевик, триллер", Скотт Манн ," Великобритания, США",2022 , 6.4 
Человек-невидимка," фантастика, триллер, детектив", Ли Уоннелл ," США, Австралия",2020 , 7.1 
Куб," фантастика, ужасы, детектив", Винченцо Натали , Канада,1997 , 7.1 
Искупление," драма, мелодрама, военный", Джо Райт ," Великобритания, США, Франция",2007 , 7.8 
Место под соснами," криминал, драма, триллер", Дерек Сиенфрэнс , США,2012 , 7.3 
Птичий короб," фантастика, ужасы, детектив", Сюзанна Бир , США,2018 , 6.6 
El Camino: Во все тяжкие. Фильм," драма, криминал", Винс Гиллиган , США,2019 , 7.3 
Васаби," боевик, комедия, криминал", Жерар Кравчик ," Франция, Япония",2001 , 6.6 
Левиафан," криминал, драма", Андрей Звягинцев , Россия,2014 , 7.6 
Крепкий орешек 4.0," боевик, триллер", Лен Уайзман ," США, Великобритания",2007 , 7.1 
Отпуск по обмену," комедия, мелодрама", Нэнси Майерс , США,2006 , 7.0 
Хардкор," фантастика, боевик, приключения", Илья Найшуллер , Россия,2016 , 6.7 
Бесподобный мистер Фокс," мультфильм, приключения, комедия", Уэс Андерсон , США,2009 , 7.9 
План побега," боевик, триллер", Микаэль Хофстрём , США,2013 , 6.7 
Ангелы и Демоны," детектив, триллер", Рон Ховард ," США, Италия",2009 , 6.7 
Мальчишник: Часть III," комедия, криминал", Тодд Филлипс , США,2013 , 5.8 
Заражение," триллер, драма", Стивен Содерберг ," США, ОАЭ",2011 , 6.8 
Последняя дуэль," драма, история, боевик", Ридли Скотт ," США, Великобритания",2021 , 7.3 
Убийцы цветочной луны," криминал, драма, история", Мартин Скорсезе , США,2023 , 7.6 
Пила 2," ужасы, детектив", Даррен Линн Боусман ," США, Канада",2005 , 6.6 
Хроники Риддика," фантастика, боевик, приключения", Дэвид Туи , США,2004 , 6.6 
До встречи с тобой," драма, мелодрама", Теа Шэррок , США,2016 , 7.4 
Стальной гигант," мультфильм, фантастика, боевик", Брэд Бёрд ," США, Чехия, Великобритания",1999 , 8.1 
Пекло," фантастика, триллер, детектив", Дэнни Бойл ," Великобритания, США",2007 , 7.2 
Искусственный разум," фантастика, приключения, драма", Стивен Спилберг ," США, Великобритания",2001 , 7.2 
Неудержимые 2," боевик, приключения, триллер", Саймон Уэст ," США, Германия, Китай",2012 , 6.6 
Фаворитка," биография, комедия, драма", Йоргос Лантимос ," Ирландия, Великобритания, США",2018 , 7.5 
Снайпер," боевик, биография, драма", Клинт Иствуд , США,2014 , 7.3 
Стартрек: Бесконечность," фантастика, боевик, приключения", Джастин Лин ," США, Китай",2016 , 7.0 
Дорога," драма, триллер", Джон Хиллкоут , США,2009 , 7.2 
Бэтмен," фантастика, боевик, триллер", Тим Бёртон ," США, Великобритания",1989 , 7.5 
Не дыши," ужасы, криминал, триллер", Феде Альварес ," США, Венгрия",2016 , 7.1 
Маленькие женщины," драма, мелодрама", Грета Гервиг , США,2019 , 7.8 
Судья Дредд," фантастика, боевик, криминал", Пит Трэвис ," Великобритания, ЮАР, США",2012 , 7.1 
Человек-швейцарский нож," комедия, драма, фэнтези", Дэниэл Кван... , США,2016 , 6.9 
Хорошо быть тихоней, драма, Стивен Чбоски , США,2012 , 7.9 
Холоп," комедия, мелодрама", Клим Шипенко , Россия,2019 , 6.6 
Кунг-фу Панда 3," мультфильм, боевик, приключения", Алессандро Карлони... ," США, Китай",2016 , 7.1 
Двухсотлетний человек," фантастика, драма, мелодрама", Крис Коламбус ," США, Германия",1999 , 6.9 
Боец," боевик, биография, драма", Дэвид О. Расселл , США,2010 , 7.8 
Бедные-несчастные," фантастика, драма, мелодрама", Йоргос Лантимос ," США, Ирландия, Великобритания",2023 , 7.8 
Хеллбой: Герой из пекла," фантастика, фэнтези, ужасы", Гильермо дель Торо , США,2004 , 6.9 
Прогулка," приключения, биография, драма", Роберт Земекис , США,2015 , 7.3 
Дети шпионов," фантастика, боевик, приключения", Роберт Родригес , США,2001 , 5.6 
Красавица и чудовище," фэнтези, мюзикл, приключения", Билл Кондон , США,2017 , 7.1 
Эйс Вентура 2: Когда зовёт природа," приключения, комедия, криминал", Стив Одекерк , США,1995 , 6.4 
Однажды в Америке," криминал, драма", Серджио Леоне ," США, Италия",1983 , 8.3 
Однажды в Ирландии," комедия, криминал, триллер", Джон Майкл Макдона ," Ирландия, Великобритания, США",2011 , 7.3 
Девять," мультфильм, фантастика, боевик", Шэйн Экер ," США, Германия",2009 , 7.0 
Ученик чародея," фэнтези, боевик, приключения", Джон Тёртлтауб ," США, Австралия, Филиппины",2010 , 6.1 
Смертельное оружие," боевик, криминал, триллер", Ричард Доннер , США,1987 , 7.6 
Знамение," фантастика, детектив, триллер", Алекс Пройас ," США, Великобритания, Австралия",2009 , 6.2 
8 миля," драма, музыка", Кёртис Хэнсон , США,2002 , 7.2 
Другой мир," фэнтези, боевик, триллер", Лен Уайзман ," США, Великобритания, Германия",2003 , 7.0 
Девчата," комедия, мелодрама", Юрий Чулюкин , СССР,1961 , 7.8 
Разрушение," драма, комедия", Жан-Марк Валле , США,2015 , 7.0 
Банши Инишерина," драма, комедия", Мартин Макдона ," Ирландия, Великобритания, США",2022 , 7.7 
Проект X, комедия, Нима Нуризаде , США,2012 , 6.7 
Призрачный гонщик," боевик, фэнтези, триллер", Марк Стивен Джонсон ," США, Австралия",2007 , 5.3 
Шерлок Холмс и доктор Ватсон: Собака Баскервилей," приключения, криминал, детектив", Игорь Масленников , СССР,1981 , 8.5 
Черепашки-ниндзя," фантастика, фэнтези, боевик", Джонатан Либесман , США,2014 , 5.8 
Лука," мультфильм, приключения, комедия", Энрико Касароса , США,2021 , 7.4 
Миссия невыполнима 2," боевик, приключения, триллер", Джон Ву ," США, Германия, Австралия",2000 , 6.1 
Факультет," ужасы, фантастика, триллер", Роберт Родригес ," США, Мексика",1998 , 6.6 
Тайлер Рейк: Операция по спасению," боевик, криминал, триллер", Сэм Харгрейв ," США, Индия",2020 , 6.8 
Поезд на Юму," боевик, криминал, драма", Джеймс Мэнголд , США,2007 , 7.6 
Семейка Крудс," мультфильм, приключения, комедия", Кирк де Микко... , США,2013 , 7.1 
Патруль времени," фантастика, боевик, драма", Майкл Спириг... ," Австралия, США",2013 , 7.4 
Чужой 3," ужасы, фантастика, боевик", Дэвид Финчер ," США, Великобритания",1992 , 6.4 
Призрачный патруль," боевик, комедия, мистика", Роберт Швентке , США,2013 , 5.6 
Турист," боевик, триллер", Флориан Хенкель фон Доннерсмарк ," США, Франция, Италия",2010 , 6.0 
Любой ценой," криминал, драма, триллер", Дэвид Маккензи , США,2016 , 7.6 
Пробуждение," биография, драма", Пенни Маршалл , США,1990 , 7.8 
Кошмар на улице Вязов," ужасы, мистика", Уэс Крэйвен , США,1984 , 7.4 
Знакомство с родителями," комедия, мелодрама", Джей Роуч , США,2000 , 7.0 
Сумерки. Сага: Рассвет – Часть 2," фэнтези, приключения, драма", Билл Кондон , США,2012 , 5.6 
Сумерки. Сага. Рассвет: Часть 1," фэнтези, приключения, драма", Билл Кондон , США,2011 , 4.9 
Смерть на Ниле," криминал, драма, детектив", Кеннет Брана , США,2020 , 6.3 
Кровью и потом: Анаболики," криминал, комедия, триллер", Майкл Бэй , США,2013 , 6.4 
Отличница лёгкого поведения," комедия, драма, мелодрама", Уилл Глак , США,2010 , 7.0 
Ледниковый период 4: Континентальный дрейф," мультфильм, комедия, приключения", Стив Мартино... ," США, Великобритания, Канада",2012 , 6.5 
Бегущий в лабиринте: Испытание огнём," фантастика, боевик, триллер", Уэс Болл , США,2015 , 6.3 
Рейд," боевик, криминал, триллер", Гарет Эванс ," Индонезия, Франция, США",2011 , 7.6 
Патруль," драма, криминал, боевик", Дэвид Эйр ," США, Великобритания",2012 , 7.6 
Миссия невыполнима 3," боевик, приключения, триллер", Джей Джей Абрамс ," США, Германия, Китай",2006 , 6.9 
Головоломка 2," мультфильм, приключения, комедия", Келси Манн , США,2024 , 7.6 
Кошмар перед Рождеством," мультфильм, семейный, фэнтези", Генри Селик , США,1993 , 7.9 
Счастливого дня смерти," комедия, ужасы, детектив", Кристофер Лэндон , США,2017 , 6.6 
Ганнибал," триллер, драма, криминал", Ридли Скотт ," США, Великобритания, Италия",2001 , 6.8 
Очень плохая училка," комедия, мелодрама", Джейк Кэздан , США,2011 , 5.7 
Миньоны," мультфильм, фантастика, приключения", Кайл Балда... ," США, Франция",2015 , 6.4 
Несносные боссы," комедия, криминал", Сет Гордон , США,2011 , 6.9 
Такси 4," боевик, комедия, криминал", Жерар Кравчик , Франция,2007 , 5.6 
Форсаж 9," боевик, криминал, триллер", Джастин Лин ," США, Таиланд, Канада",2021 , 5.2 
Горбатая гора," драма, мелодрама", Энг Ли ," США, Канада",2005 , 7.7 
Годзилла," фантастика, боевик, приключения", Гарет Эдвардс ," США, Япония",2014 , 6.4 
Хеллбой II: Золотая армия," фантастика, фэнтези, ужасы", Гильермо дель Торо ," США, Германия, Венгрия",2008 , 7.0 
Книга джунглей," приключения, драма, семейный", Джон Фавро ," США, Великобритания, Новая Зеландия",2016 , 7.3 
Синистер," ужасы, триллер, детектив", Скотт Дерриксон ," США, Великобритания, Канада",2012 , 6.8 
Враг общества," биография, криминал, драма", Майкл Манн ," США, Япония",2009 , 6.9 
Жизнь других," драма, детектив, триллер", Флориан Хенкель фон Доннерсмарк ," Германия, Франция",2006 , 8.4 
Хроники хищных городов," фантастика, фэнтези, боевик", Кристиан Риверс ," Новая Зеландия, США, Япония",2018 , 6.1 
Пушки Акимбо," боевик, комедия, криминал", Джейсон Хауден ," Германия, Новая Зеландия, Великобритания",2019 , 6.3 
Бессонница," драма, детектив, триллер", Кристофер Нолан ," США, Великобритания",2002 , 7.2 
Плохой Санта," комедия, криминал, драма", Терри Цвигофф ," США, Германия",2003 , 7.0 
Тайное окно," драма, детектив, триллер", Дэвид Кепп , США,2004 , 6.5 
Рождественская история," мультфильм, приключения, комедия", Роберт Земекис , США,2009 , 6.8 
Повелитель бури," драма, триллер, военный", Кэтрин Бигелоу ," США, Люксембург",2008 , 7.5 
Дело храбрых," боевик, биография, драма", Джозеф Косински , США,2017 , 7.6 
С широко закрытыми глазами," драма, детектив, триллер", Стэнли Кубрик ," США, Великобритания",1999 , 7.5 
Тачки 2," мультфильм, фантастика, приключения", Джон Лассетер... ," США, Япония",2011 , 6.2 
На Западном фронте без перемен," военный, боевик, драма", Эдвард Бергер ," Германия, США, Великобритания",2022 , 7.8 
Пятьдесят оттенков серого," мелодрама, драма", Сэм Тейлор-Джонсон , США,2015 , 4.2 
Почему он?, комедия, Джон Гамбург , США,2016 , 6.2 
8 подруг Оушена," комедия, криминал, триллер", Гэри Росс , США,2018 , 6.3 
Притворись моей женой," комедия, мелодрама", Деннис Дуган , США,2011 , 6.4 
Воспоминания об убийстве," криминал, драма, детектив", Пон Джун Хо , Южная Корея,2003 , 8.1 
Бамблби," фантастика, боевик, приключения", Трэвис Найт ," США, Китай",2018 , 6.7 
Финч," фантастика, приключения, драма", Мигель Сапочник ," США, Индия",2021 , 6.9 
Глубоководный горизонт," боевик, драма, история", Питер Берг ," США, Гонконг",2016 , 7.1 
Угнать за 60 секунд," боевик, криминал, триллер", Доминик Сена , США,2000 , 6.5 
Обитель зла 2: Апокалипсис," фантастика, ужасы, боевик", Александр Уитт ," Канада, Германия, Великобритания",2004 , 6.1 
Вспомнить всё," фантастика, боевик, приключения", Лен Уайзман ," США, Канада, Великобритания",2012 , 6.2 
Охотники за привидениями: Наследники," фантастика, комедия, боевик", Джейсон Райтман ," США, Канада",2021 , 7.0 
Кредо убийцы," фантастика, боевик, приключения", Джастин Курзель ," США, Франция, Великобритания",2016 , 5.6 
Гангстер," биография, криминал, драма", Ридли Скотт ," США, Великобритания",2007 , 7.8 
Битлджюс," комедия, фэнтези", Тим Бёртон , США,1988 , 7.5 
Правдивая ложь," боевик, комедия, триллер", Джеймс Кэмерон , США,1994 , 7.3 
"Не грози Южному Централу, попивая сок у себя в квартале"," комедия, криминал", Пэрис Барклай , США,1995 , 6.5 
Армагеддец," фантастика, боевик, комедия", Эдгар Райт ," Великобритания, США, Япония",2013 , 6.9 
Мумия," фэнтези, ужасы, боевик", Алекс Куртцман ," США, Китай, Япония",2017 , 5.4 
Двадцать одно," криминал, драма, триллер", Роберт Лукетич , США,2008 , 6.8 
Собачья жизнь," фэнтези, приключения, комедия", Лассе Халльстрём ," США, Индия",2017 , 7.2 
Взрывная блондинка," боевик, триллер", Дэвид Литч ," США, Швеция, Венгрия",2017 , 6.7 
Звёздная пыль," фэнтези, приключения, мелодрама", Мэттью Вон ," США, Великобритания, Исландия",2007 , 7.6 
Враг," драма, детектив, триллер", Дени Вильнёв ," Канада, Испания",2013 , 6.9 
Курьер," комедия, драма, мелодрама", Карен Шахназаров , СССР,1986 , 7.8 
Тайна третьей планеты," мультфильм, фантастика, приключения", Роман Качанов , СССР,1981 , 7.8 
Час пик 2," боевик, комедия, криминал", Бретт Рэтнер ," США, Гонконг",2001 , 6.7 
Вольт," мультфильм, фантастика, приключения", Байрон Ховард... ," США, Япония",2008 , 6.8 
Адреналин: Высокое напряжение," криминал, боевик, комедия", Марк Невелдайн... , США,2009 , 6.1 
Чужой: Ромул," фантастика, ужасы, триллер", Феде Альварес ," США, Великобритания, Венгрия",2024 , 7.1 
Пункт назначения 2," ужасы, триллер, мистика", Дэвид Р. Эллис ," США, Канада",2003 , 6.2 
Плохие парни 2," боевик, комедия, криминал", Майкл Бэй , США,2003 , 6.6 
Дикие истории," комедия, драма, триллер", Дамиан Сифрон ," Аргентина, Испания, Франция",2014 , 8.1 
Ночь в музее 2," фэнтези, комедия, приключения", Шон Леви ," США, Канада",2009 , 6.0 
Знакомство с Факерами, комедия, Джей Роуч , США,2004 , 6.3 
Унесённые ветром," драма, мелодрама, военный", Виктор Флеминг... , США,1939 , 8.2 
Кокаин," биография, криминал, драма", Тед Демме , США,2001 , 7.5 
Царство Небесное," боевик, приключения, драма", Ридли Скотт ," Испания, США",2005 , 7.3 
Основной инстинкт," драма, детектив, триллер", Пол Верховен ," США, Франция, Великобритания",1992 , 7.1 
Тайна 7 сестер," фантастика, боевик, триллер", Томми Виркола ," Великобритания, Франция, США",2017 , 6.8 
Шерлок Холмс и доктор Ватсон: Знакомство," криминал, детектив", Игорь Масленников , СССР,1979 , 8.5 
Рио," мультфильм, приключения, комедия", Карлос Салдана ," США, Великобритания",2011 , 6.9 
Обитель зла 3," фантастика, ужасы, боевик", Рассел Малкэй ," Германия, США, Франция",2007 , 6.2 
Астерикс и Обеликс: Миссия Клеопатра," фэнтези, приключения, комедия", Ален Шаба ," Франция, Германия, Бельгия",2001 , 6.7 
Капитан Филлипс," триллер, драма, криминал", Пол Гринграсс , США,2013 , 7.8 
Комната," драма, триллер", Леонард Абрахамсон ," Канада, Ирландия, Великобритания",2015 , 8.1 
Пипец 2," боевик, комедия, криминал", Джефф Уодлоу ," США, Великобритания, Япония",2013 , 6.5 
Фантастическая четверка: Вторжение Серебряного серфера," фантастика, фэнтези, боевик", Тим Стори ," США, Великобритания, Германия",2007 , 5.6 
Багровый пик," ужасы, драма, детектив", Гильермо дель Торо ," США, Мексика, Канада",2015 , 6.5 
28 недель спустя," фантастика, ужасы", Хуан Карлос Фреснадильо ," Великобритания, Испания, США",2007 , 6.9 
Леди и бродяга," мультфильм, приключения, комедия", Клайд Джероними... , США,1955 , 7.3 
Сталкер," фантастика, драма, детектив", Андрей Тарковский , СССР,1979 , 8.0 
Зелёный фонарь," фантастика, боевик, приключения", Мартин Кэмпбелл , США,2011 , 5.5 
Воздушный маршал," боевик, детектив, триллер", Жауме Кольет-Серра ," Франция, Великобритания, США",2014 , 6.9 
Команда «А»," боевик, триллер, комедия", Джо Карнахан ," США, Великобритания",2010 , 6.7 
Крёстный отец 3," боевик, триллер, драма", Фрэнсис Форд Коппола , США,1990 , 7.6 
Риддик," фантастика, боевик, приключения", Дэвид Туи ," США, Канада",2013 , 6.4 
Превосходство," фантастика, драма, триллер", Уолли Пфистер ," США, Великобритания",2014 , 6.2 
Груз 200," криминал, драма, триллер", Алексей Балабанов , Россия,2007 , 7.1 
Французский вестник. Приложение к газете «Либерти. Канзас ивнинг сан»," комедия, драма, мелодрама", Уэс Андерсон ," США, Германия, Швеция",2021 , 7.1 
Ворон," ужасы, боевик, криминал", Алекс Пройас , США,1994 , 7.5 
Рэмбо: Первая кровь," боевик, приключения, триллер", Тед Котчефф , США,1982 , 7.7 
Автостопом по галактике," фантастика, приключения, комедия", Гарт Дженнингс ," США, Великобритания",2005 , 6.7 
Доказательство смерти," драма, триллер", Квентин Тарантино , США,2007 , 7.0 
Прошлой ночью в Сохо," детектив, триллер, ужасы", Эдгар Райт ," Великобритания, Китай",2021 , 7.0 
Чёрный ястреб," боевик, драма, история", Ридли Скотт ," США, Великобритания",2001 , 7.7 
Красный дракон," криминал, драма, триллер", Бретт Рэтнер ," США, Германия",2002 , 7.2 
Фуриоса: Хроники Безумного Макса," фантастика, боевик, триллер", Джордж Миллер ," Австралия, США",2024 , 7.5 
Баллада Бастера Скраггса," вестерн, драма, комедия", Итан Коэн... , США,2018 , 7.2 
Босс-молокосос," мультфильм, приключения, комедия", Том МакГрат , США,2017 , 6.3 
На гребне волны," боевик, криминал, триллер", Кэтрин Бигелоу ," США, Япония",1991 , 7.3 
Треугольник печали," комедия, драма", Рубен Эстлунд ," Швеция, Германия, Франция",2022 , 7.3 
Морской бой," фантастика, боевик, приключения", Питер Берг ," США, Япония",2012 , 5.8 
101 далматинец," мультфильм, приключения, комедия", Клайд Джероними... , США,1961 , 7.3 
Tomb Raider: Лара Крофт," фэнтези, боевик, приключения", Роар Утхауг ," США, Великобритания",2018 , 6.3 
ЛЕГО Фильм," мультфильм, фантастика, боевик", Фил Лорд... ," США, Дания, Австралия",2014 , 7.7 
Подводная Братва," мультфильм, приключения, комедия", Бибо Бержерон... ," США, Франция",2004 , 6.0 
Чудо," драма, семейный", Стивен Чбоски ," США, Гонконг, Канада",2017 , 7.9 
После нашей эры," фантастика, боевик, приключения", М. Найт Шьямалан , США,2013 , 4.8 
Человек на Луне," биография, драма, история", Дэмьен Шазелл ," США, Япония, Китай",2018 , 7.3 
Полный расколбас," мультфильм, приключения, комедия", Конрад Вернон... ," США, Канада",2016 , 6.1 
Челюсти," ужасы, приключения, драма", Стивен Спилберг , США,1975 , 8.1 
Левша," драма, спорт", Антуан Фукуа ," США, Китай, Гонконг",2015 , 7.3 
Сокровище нации: Книга Тайн," боевик, приключения, детектив", Джон Тёртлтауб , США,2007 , 6.5 
Экзамен," криминал, детектив, триллер", Стюарт Хэзелдайн , Великобритания,2009 , 6.7 
Запрещённый приём," фэнтези, боевик, приключения", Зак Снайдер ," США, Канада",2011 , 6.1 
Три тысячи лет желаний," фэнтези, мелодрама, драма", Джордж Миллер , Австралия,2022 , 6.7 
Ночной дозор," ужасы, боевик, фэнтези", Тимур Бекмамбетов , Россия,2004 , 6.4 
Леди Бёрд," комедия, драма", Грета Гервиг , США,2017 , 7.4 
Транс," криминал, драма, детектив", Дэнни Бойл ," Великобритания, Франция",2013 , 6.9 
Аллея кошмаров," криминал, драма, триллер", Гильермо дель Торо ," США, Мексика, Канада",2021 , 7.0 
Министерство неджентльменских дел," боевик, военный, история", Гай Ричи ," США, Великобритания, Турция",2024 , 6.8 
Убийство на яхте," комедия, детектив, криминал", Кайл Ньюачек ," США, Италия, Канада",2019 , 6.1 
Трансформеры: Последний рыцарь," фантастика, боевик, приключения", Майкл Бэй ," США, Китай, Канада",2017 , 5.2 
Лемони Сникет: 33 несчастья," фэнтези, приключения, комедия", Брэд Силберлинг ," США, Германия",2004 , 6.8 
Хроники Нарнии: Принц Каспиан," фэнтези, приключения", Эндрю Адамсон ," США, Польша, Словения",2008 , 6.5 
Эдди «Орёл»," спорт, биография, комедия", Декстер Флетчер ," Великобритания, Германия, США",2015 , 7.3 
Ванильное небо," фантастика, фэнтези, детектив", Кэмерон Кроу ," США, Испания",2001 , 6.9 
"Дивергент, глава 2: Инсургент"," фантастика, боевик, приключения", Роберт Швентке ," США, Канада",2015 , 6.2 
"Город грехов 2: Женщина, ради которой стоит убивать"," боевик, криминал, триллер", Роберт Родригес... , США,2014 , 6.5 
Девять ярдов," комедия, криминал", Джонатан Линн , США,2000 , 6.7 
Черная пантера: Ваканда навеки," фантастика, боевик, приключения", Райан Куглер , США,2022 , 6.7 
Перелом," криминал, драма, триллер", Грегори Хоблит ," США, Германия",2007 , 7.2 
Лекарство от здоровья," фантастика, ужасы, триллер", Гор Вербински ," США, Германия, Люксембург",2016 , 6.4 
Секреты Лос-Анджелеса," криминал, драма, детектив", Кёртис Хэнсон , США,1997 , 8.2 
Энканто," мультфильм, комедия, семейный", Джаред Буш... , США,2021 , 7.2 
Годзилла против Конга," фантастика, боевик", Адам Вингард , США,2021 , 6.3 
Выживут только любовники," комедия, драма, фэнтези", Джим Джармуш ," Великобритания, Германия, Греция",2013 , 7.2 
Город воров," криминал, драма, триллер", Бен Аффлек ," США, Великобритания",2010 , 7.5 
King’s Man: Начало," боевик, приключения, триллер", Мэттью Вон ," Великобритания, США",2021 , 6.3 
50 первых поцелуев," комедия, драма, мелодрама", Питер Сигал , США,2004 , 6.8 
Стрелок," боевик, драма, триллер", Антуан Фукуа ," США, Япония, Испания",2007 , 7.1 
История о супружестве," драма, мелодрама", Ноа Баумбах ," Великобритания, США",2019 , 7.9 
"Значит, война"," боевик, комедия, мелодрама", МакДжи , США,2012 , 6.3 
Кин-дза-дза!," фантастика, комедия, драма", Георгий Данелия , СССР,1986 , 7.9 
Чёрная дыра," фантастика, ужасы, триллер", Дэвид Туи , США,1999 , 7.0 
Голый пистолет," комедия, криминал", Дэвид Цукер , США,1988 , 7.6 
Суррогаты," фантастика, боевик, триллер", Джонатан Мостоу , США,2009 , 6.3 
День курка," фантастика, боевик, комедия", Джо Карнахан , США,2019 , 6.8 
Географ глобус пропил," приключения, драма, мелодрама", Александр Велединский , Россия,2013 , 7.3 
Идентификация," детектив, триллер", Джеймс Мэнголд , США,2003 , 7.3 
Дом у озера," драма, фэнтези, мелодрама", Алехандро Агрести ," США, Южная Корея",2006 , 6.8 
Монстры на каникулах 2," мультфильм, комедия, фэнтези", Геннди Тартаковски ," США, Канада",2015 , 6.6 
Тёмная башня," фантастика, фэнтези, боевик", Николай Арсель , США,2017 , 5.6 
Неогранённые алмазы," криминал, драма, триллер", Бенни Сэфди... , США,2019 , 7.4 
Геркулес," мультфильм, мюзикл, фэнтези", Рон Клементс... , США,1997 , 7.3 
Невозможное," драма, история, триллер", Хуан Антонио Байона ," Испания, Таиланд, США",2012 , 7.5 
Величайший шоумен," мюзикл, биография, драма", Майкл Грэйси ," США, Китай",2017 , 7.5 
Выстрел в пустоту," криминал, драма, триллер", Рик Роман Во , США,2017 , 7.3 
Блэйд 2," ужасы, боевик, триллер", Гильермо дель Торо ," США, Германия",2002 , 6.7 
Гнев," боевик, криминал, драма", Тони Скотт ," США, Швейцария, Великобритания",2004 , 7.7 
Фантастические твари: Тайны Дамблдора," фэнтези, приключения", Дэвид Йейтс ," США, Великобритания",2022 , 6.2 
Неоновый демон," ужасы, драма, триллер", Николас Виндинг Рефн ," США, Бельгия, Дания",2016 , 6.1 
Механик," боевик, криминал, триллер", Саймон Уэст ," США, Германия",2010 , 6.5 
Рыцари справедливости," драма, комедия, боевик", Андерс Томас Йенсен ," Дания, Швеция, Финляндия",2020 , 7.5 
Очень страшное кино 2," комедия, ужасы", Кинен Айвори Уайанс , США,2001 , 5.4 
Не пойман – не вор," криминал, драма, детектив", Спайк Ли , США,2006 , 7.6 
Фонтан," фантастика, драма, детектив", Даррен Аронофски ," США, Канада",2006 , 7.2 
Голая правда," комедия, мелодрама", Роберт Лукетич , США,2009 , 6.4 
Каскадёры," боевик, комедия, мелодрама", Дэвид Литч ," Австралия, США, Канада",2024 , 6.8 
Заплати другому, драма, Мими Ледер , США,2000 , 7.2 
Ворошиловский стрелок," криминал, драма", Станислав Говорухин , Россия,1999 , 7.4 
9 рота," боевик, драма, история", Фёдор Бондарчук ," Россия, Украина, Финляндия",2005 , 7.1 
Пила 3," ужасы, детектив, триллер", Даррен Линн Боусман ," США, Канада",2006 , 6.2 
Морбиус," фантастика, ужасы, боевик", Даниэль Эспиноса , США,2022 , 5.1 
Нокдаун," биография, драма, мелодрама", Рон Ховард , США,2005 , 8.0 
Лара Крофт: Расхитительница гробниц," фэнтези, боевик, приключения", Саймон Уэст ," Германия, США, Великобритания",2001 , 5.8 
Лило и Стич," мультфильм, фантастика, приключения", Дин ДеБлуа... ," США, Япония",2002 , 7.3 
Дьявол в деталях," криминал, драма, детектив", Джон Ли Хэнкок , США,2021 , 6.3 
Чёрный Адам," фантастика, фэнтези, боевик", Жауме Кольет-Серра ," США, Канада, Новая Зеландия",2022 , 6.2 
Смертельная битва," фантастика, фэнтези, боевик", Пол У. С. Андерсон , США,1995 , 5.8 
Ограбление по-итальянски," боевик, криминал, триллер", Ф. Гэри Грей ," США, Италия, Великобритания",2003 , 7.0 
Бэтмен возвращается," боевик, криминал, фэнтези", Тим Бёртон ," США, Великобритания",1992 , 7.1 
Вавилон," драма, история, комедия", Дэмьен Шазелл , США,2022 , 7.1 
Дьявол всегда здесь," криминал, драма, триллер", Антонио Кампос , США,2020 , 7.1 
Гордость и предубеждение," драма, мелодрама", Джо Райт ," Франция, Великобритания, США",2005 , 7.8 
Ёлки," комедия, драма, семейный", Тимур Бекмамбетов... , Россия,2010 , 6.2 
Гринч – похититель Рождества," комедия, семейный, фэнтези", Рон Ховард ," США, Германия",2000 , 6.4 
…А в душе я танцую," комедия, драма", Дэмиен О’Доннелл ," Великобритания, Ирландия, Франция",2004 , 7.7 
Соучастник," боевик, криминал, драма", Майкл Манн , США,2004 , 7.5 
Наркокурьер," криминал, драма, триллер", Клинт Иствуд ," США, Канада",2018 , 7.0 
Перевозчик 2," боевик, триллер", Луи Летерье ," Франция, Германия, США",2005 , 6.3 
Обитель зла: Жизнь после смерти," фантастика, ужасы, боевик", Пол У. С. Андерсон ," Франция, Германия, Канада",2010 , 5.8 
Приключения Паддингтона 2," приключения, комедия, семейный", Пол Кинг ," Великобритания, Франция, Люксембург",2017 , 7.8 
Великолепная семерка," боевик, приключения, драма", Антуан Фукуа ," США, Австралия",2016 , 6.9 
РобоКоп," фантастика, боевик, криминал", Жозе Падилья , США,2014 , 6.1 
Дракула," ужасы, фэнтези, мелодрама", Фрэнсис Форд Коппола ," США, Великобритания",1992 , 7.4 
Невероятные приключения итальянцев в России," приключения, комедия, криминал", Эльдар Рязанов... ," СССР, Италия",1973 , 7.6 
Из Парижа с любовью," боевик, триллер, комедия", Пьер Морель ," Франция, Великобритания, США",2009 , 6.4 
Битва Титанов," фэнтези, боевик, приключения", Луи Летерье ," США, Великобритания, Австралия",2010 , 5.8 
